"","ASS.1","ASS.2","ASS.3","ASS.4","ASS.5","BET.1","BET.2","BET.3","BET.4","BET.5","ASPL.1","ASPL.2","ASPL.3","ASPL.4","ASPL.5","CC.1","CC.2","CC.3","CC.4","CC.5","DEG.1","DEG.2","DEG.3","DEG.4","DEG.5","MIN.1","MIN.2","MIN.3","MIN.4","MIN.5","MAX.1","MAX.2","MAX.3","MAX.4","MAX.5","SD.1","SD.2","SD.3","SD.4","SD.5","MT3.1","MT3.2","MT3.3","MT3.4","MT3.5","MT4.1","MT4.2","MT4.3","MT4.4","MT4.5","CLASS"
"1",-0.1481059743,0,0,0,0,65.11864,0,0,0,0,3.24547,58.83051,0,0,0,0.03234501,0,0,0,0,3.864407,0.33898305,0,0,0,6,2,0,0,0,45,1,0,0,0,1.766134,0.756812,0,0,0,363,0,0,0,0,1513,0,0,0,0,"class_1"
"2",0.0705259314,-0.397541,0,0,0,44.07843,1.23529412,0,0,0,2.763137,49.24549,50.96078,50.96078,0,0.15057915,0,0,0,0,4.509804,0.8627451,0.15686275,0.1568627,0,8,6,1,1,0,4,1,5,5,0,3.796696,2.0101702,0.7841568,0.7841568,0,466,15,0,0,0,2598,24,0,0,0,"class_1"
"3",-0.018438052,-0.4788732,0,0,0,42.74,0.08,0,0,0,2.74449,49.56327,49.96,0,0,0.11428571,0,0,0,0,4.52,0.6,0.12,0,0,3,1,1,0,0,4,8,5,0,0,3.195916,1.3093073,0.593846,0,0,485,4,0,0,0,2828,1,0,0,0,"class_1"
"4",-0.2293656316,-0.3535545,1,0,0,39.38776,1,0,0,0,2.641156,47.44983,48.87755,48.95918,0,0.09205776,0,0,0,0,4.653061,0.97959184,0.40816327,0.1632653,0,48,1,1,1,0,2,4,5,5,0,4.176078,2.1456331,1.1165118,0.7996598,0,520,13,0,0,0,3125,18,0,0,0,"class_1"
"5",-0.1449147908,-0.106383,0,0,0,45.58491,0.01886792,0,0,0,2.753266,52.73657,52.96226,0,0,0.0728972,0,0,0,0,4.264151,0.49056604,0.11320755,0,0,10,1,1,0,0,2,14,5,0,0,3.264912,1.011903,0.5771407,0,0,509,1,0,0,0,3041,0,0,0,0,"class_1"
"6",-0.0201049283,1,0,0,0,46.67308,0,0,0,0,2.830317,51.84615,51.96154,0,0,0.11088296,0,0,0,0,4.346154,0.34615385,0.11538462,0,0,52,1,1,0,0,4,5,5,0,0,2.757412,0.8374709,0.5825517,0,0,451,0,0,0,0,2414,0,0,0,0,"class_1"
"7",0.0044362387,-0.7733333,0,0,0,38.10638,0.06382979,0,0,0,2.656799,46.6198,46.91489,0,0,0.1797005,0,0,0,0,4.893617,0.59574468,0.25531915,0,0,8,1,1,0,0,4,4,4,0,0,4.022945,1.3458402,0.84617,0,0,529,3,0,0,0,3172,0,0,0,0,"class_1"
"8",-0.1455573329,1,0,0,0,46.39623,0,0,0,0,2.78447,52.77358,52.96226,0,0,0.05636743,0,0,0,0,4.264151,0.49056604,0.11320755,0,0,1,1,1,0,0,4,5,5,0,0,2.697228,0.9327924,0.5771407,0,0,461,0,0,0,0,2499,0,0,0,0,"class_1"
"9",-0.1083251598,-0.4634146,0,0,0,43.28,0.04,0,0,0,2.766531,49.64163,49.96,0,0,0.08666667,0,0,0,0,4.52,0.6,0.12,0,0,50,1,1,0,0,24,6,23,0,0,2.727337,1.1428571,0.593846,0,0,424,2,0,0,0,2098,0,0,0,0,"class_1"
"10",0.0227013135,0.3333333,0,0,0,40.2449,0.20408163,0,0,0,2.676871,48.51871,0,0,0,0.0956848,0,0,0,0,4.530612,0.48979592,0,0,0,6,5,0,0,0,2,1,0,0,0,3.416273,1.1203134,0,0,0,499,3,0,0,0,2924,2,0,0,0,"class_1"
"11",0.0817664551,-0.1666667,0,0,0,36.3913,0.23913043,0,0,0,2.617391,45.40193,0,0,0,0.1452514,0,0,0,0,5,0.60869565,0,0,0,1,1,0,0,0,2,2,0,0,0,2.966479,1.2557116,0,0,0,485,4,0,0,0,2645,2,0,0,0,"class_1"
"12",-0.1650781132,0,0,0,0,40.85714,0,0,0,0,2.702381,48.83673,0,0,0,0.07142857,0,0,0,0,4.530612,0.32653061,0,0,0,8,5,0,0,0,2,1,0,0,0,2.754557,0.7468756,0,0,0,480,0,0,0,0,2608,0,0,0,0,"class_1"
"13",-0.020083682,-0.1,0,0,0,39.70833,0.79166667,0,0,0,2.689716,46.70035,0,0,0,0.13092979,0,0,0,0,4.791667,0.91666667,0,0,0,48,1,0,0,0,3,3,0,0,0,3.476109,1.7483528,0,0,0,481,12,0,0,0,2700,13,0,0,0,"class_1"
"14",-0.0919052735,0,0,0,0,41.78,0,0,0,0,2.705306,49.92,0,0,0,0.10188679,0,0,0,0,4.68,0.16,0,0,0,1,1,0,0,0,7,22,0,0,0,2.660674,0.548095,0,0,0,494,0,0,0,0,2597,0,0,0,0,"class_1"
"15",-0.1425592329,0,0,0,0,46.05769,0,0,0,0,2.806184,51.88462,0,0,0,0.05921053,0,0,0,0,4.461538,0.23076923,0,0,0,52,1,0,0,0,6,2,0,0,0,2.638044,0.6452051,0,0,0,438,0,0,0,0,2109,0,0,0,0,"class_1"
"16",-0.0897451799,-0.106383,0,0,0,39.3617,0.0212766,0,0,0,2.711378,46.70305,46.95745,0,0,0.07366071,0,0,0,0,4.553191,0.55319149,0.12765957,0,0,12,1,1,0,0,8,20,10,0,0,2.338789,1.0592965,0.6120891,0,0,426,1,0,0,0,2191,0,0,0,0,"class_1"
"17",0.0609813926,0,0,0,0,57.96364,0,0,0,0,3.146801,54.89091,0,0,0,0.07012987,0,0,0,0,4.036364,0.21818182,0,0,0,10,1,0,0,0,5,3,0,0,0,2.008903,0.6292532,0,0,0,367,0,0,0,0,1621,0,0,0,0,"class_1"
"18",-0.0092844043,-0.1666667,0,0,0,41.7551,0.02040816,0,0,0,2.739796,48.67432,0,0,0,0.08965517,0,0,0,0,4.612245,0.57142857,0,0,0,5,1,0,0,0,4,4,0,0,0,2.604614,1,0,0,0,409,1,0,0,0,1978,0,0,0,0,"class_1"
"19",-0.0220465318,0,0,0,0,45.47059,0,0,0,0,2.818824,50.84314,0,0,0,0.08163265,0,0,0,0,4.392157,0.31372549,0,0,0,10,1,0,0,0,4,8,0,0,0,2.088812,0.73458,0,0,0,417,0,0,0,0,2008,0,0,0,0,"class_1"
"20",0.0531309498,0,0,0,0,55.76364,0,0,0,0,3.06532,54.92727,0,0,0,0.12931034,0,0,0,0,4.218182,0.14545455,0,0,0,16,2,0,0,0,3,1,0,0,0,2.241783,0.5241636,0,0,0,424,0,0,0,0,2041,0,0,0,0,"class_1"
"21",-0.1386614077,1,0,0,0,40.20408,0,0,0,0,2.67517,48.91837,48.95918,0,0,0.08971963,0,0,0,0,4.734694,0.20408163,0.12244898,0,0,5,1,1,0,0,1,22,22,0,0,2.721638,0.7065052,0.5997448,0,0,503,0,0,0,0,2744,0,0,0,0,"class_1"
"22",-0.1130006754,1,0,0,0,44.5098,0,0,0,0,2.780392,50.88235,50.96078,0,0,0.11516315,0,0,0,0,4.54902,0.2745098,0.11764706,0,0,1,1,1,0,0,4,23,23,0,0,2.795094,0.7766191,0.5881176,0,0,481,0,0,0,0,2586,0,0,0,0,"class_1"
"23",-0.1450946113,0.2682927,0,0,0,39.71429,0.08163265,0,0,0,2.654762,48.59524,48.95918,0,0,0.10505837,0,0,0,0,4.77551,0.6122449,0.12244898,0,0,3,3,1,0,0,2,15,20,0,0,2.987929,1.1513819,0.5997448,0,0,478,2,0,0,0,2568,1,0,0,0,"class_1"
"24",-0.0462586614,0.2682927,0,0,0,43.18367,0.08163265,0,0,0,2.79932,48.59524,48.95918,0,0,0.0942029,0,0,0,0,4.734694,0.6122449,0.12244898,0,0,5,1,1,0,0,7,7,42,0,0,2.604287,1.1513819,0.5997448,0,0,388,2,0,0,0,1771,1,0,0,0,"class_1"
"25",-0.1258519482,0,0,0,0,50.76364,0,0,0,0,2.880135,54.92727,0,0,0,0.01456311,0,0,0,0,4.181818,0.14545455,0,0,0,12,1,0,0,0,22,24,0,0,0,1.944517,0.5241636,0,0,0,408,0,0,0,0,1843,0,0,0,0,"class_1"
"26",-0.1050687736,-1,0,0,0,45.52941,0.05882353,0,0,0,2.821176,50.76706,0,0,0,0.11208791,0,0,0,0,4.54902,0.23529412,0,0,0,14,1,0,0,0,21,21,0,0,0,2.508495,0.9505416,0,0,0,421,3,0,0,0,1971,1,0,0,0,"class_1"
"27",-0.185201417,0.04255319,0,0,0,36.06522,0.17391304,0,0,0,2.602899,45.35556,0,0,0,0.12256809,0,0,0,0,4.956522,0.7826087,0,0,0,5,3,0,0,0,6,6,0,0,0,3.00338,1.2980848,0,0,0,472,4,0,0,0,2529,3,0,0,0,"class_1"
"28",0.0656031512,1,0,0,0,56.18182,0,0,0,0,3.080808,54.89091,0,0,0,0.06315789,0,0,0,0,4.218182,0.36363636,0,0,0,55,1,0,0,0,1,3,0,0,0,2.087803,0.9499247,0,0,0,364,0,0,0,0,1574,0,0,0,0,"class_1"
"29",-0.0271418953,0.006410256,-0.5,0,0,44.90196,0.15686275,0.07843137,0,0,2.796078,50.53569,50.76784,0,0,0.1030303,0,0,0,0,4.392157,0.58823529,0.35294118,0,0,51,2,2,0,0,1,43,1,0,0,3.394575,1.5514699,1.2934223,0,0,461,4,2,0,0,2658,3,1,0,0,"class_1"
"30",0.0275544561,0.3333333,0,0,0,52.55556,0.07407407,0,0,0,2.983229,53.59539,0,0,0,0.05210918,0,0,0,0,4.296296,0.59259259,0,0,0,54,1,0,0,0,23,6,0,0,0,2.106859,1.0731459,0,0,0,389,2,0,0,0,1770,1,0,0,0,"class_1"
"31",0.1258990501,1,0,0,0,43.40816,0,0,0,0,2.808673,48.79592,48.95918,0,0,0.13263158,0,0,0,0,4.693878,0.44897959,0.12244898,0,0,10,1,1,0,0,22,14,14,0,0,2.732551,0.9142671,0.5997448,0,0,433,0,0,0,0,2191,0,0,0,0,"class_1"
"32",0.2871963896,1,0,0,0,55.05556,0,0,0,0,3.077568,53.88889,0,0,0,0.10297483,0,0,0,0,4.185185,0.2962963,0,0,0,7,1,0,0,0,14,14,0,0,0,2.43461,0.8156403,0,0,0,407,0,0,0,0,1969,0,0,0,0,"class_1"
"33",-0.0205253411,-0.02088773,0,0,0,38.29787,0.08510638,0,0,0,2.665125,46.53562,46.95745,0,0,0.09394572,0,0,0,0,4.638298,0.72340426,0.12765957,0,0,3,1,1,0,0,19,13,19,0,0,3.801747,1.7532842,0.6120891,0,0,449,4,0,0,0,2492,1,0,0,0,"class_1"
"34",0.1251950141,-0.44,0,0,0,54.42593,0.07407407,0,0,0,3.053809,53.74354,53.96296,0,0,0.07297297,0,0,0,0,4.037037,0.33333333,0.11111111,0,0,2,1,1,0,0,20,21,20,0,0,2.064644,0.9905211,0.5718776,0,0,352,2,0,0,0,1535,1,0,0,0,"class_1"
"35",0.0276950198,1,0,0,0,59.66667,0,0,0,0,3.130952,56.89474,56.96491,0,0,0.03947368,0,0,0,0,3.824561,0.24561404,0.10526316,0,0,3,1,1,0,0,22,22,22,0,0,2.071256,0.7387417,0.5569115,0,0,370,0,0,0,0,1625,0,0,0,0,"class_1"
"36",0.1641285956,-0.2105263,0,0,0,70.08475,0.03389831,0,0,0,3.416715,58.69608,58.9322,0,0,0.1037464,0,0,0,0,3.830508,0.54237288,0.20338983,0,0,1,1,1,0,0,24,24,24,0,0,2.134709,1.164445,0.7606635,0,0,323,2,0,0,0,1257,0,0,0,0,"class_1"
"37",0.2276907465,-0.106383,0,0,0,47.32653,0.02040816,0,0,0,2.971939,48.71514,48.95918,0,0,0.0859375,0,0,0,0,4.408163,0.53061224,0.12244898,0,0,2,1,1,0,0,16,16,19,0,0,2.235307,1.0428735,0.5997448,0,0,362,1,0,0,0,1648,0,0,0,0,"class_1"
"38",0.1169352187,-0.1093248,0,0,0,59.5,0.03571429,0,0,0,3.163636,55.67987,55.96429,0,0,0.07731959,0,0,0,0,4.142857,0.53571429,0.10714286,0,0,30,2,1,0,0,1,23,23,0,0,2.03093,1.1275764,0.561769,0,0,368,2,0,0,0,1564,0,0,0,0,"class_1"
"39",0.1472278677,1,0,0,0,66.57895,0,0,0,0,3.37782,56.85965,56.96491,0,0,0.11641791,0,0,0,0,3.824561,0.31578947,0.10526316,0,0,1,1,1,0,0,12,21,21,0,0,1.890982,0.8052926,0.5569115,0,0,309,0,0,0,0,1217,0,0,0,0,"class_1"
"40",-0.1797192379,0,0,0,0,57.9322,0,0,0,0,2.997662,58.9661,0,0,0,0.07725322,0,0,0,0,3.932203,0.06779661,0,0,0,1,1,0,0,0,12,12,0,0,0,2.455567,0.3650416,0,0,0,442,0,0,0,0,2172,0,0,0,0,"class_1"
"41",0.0909286098,1,0,0,0,57.12281,0,0,0,0,3.0401,56.89474,56.96491,0,0,0.03731343,0,0,0,0,4.070175,0.24561404,0.10526316,0,0,8,1,1,0,0,6,6,6,0,0,1.801385,0.7387417,0.5569115,0,0,392,0,0,0,0,1702,0,0,0,0,"class_1"
"42",-0.176866548,0,0,0,0,56.26316,0,0,0,0,3.009398,56.89474,0,0,0,0.07982262,0,0,0,0,4.070175,0.21052632,0,0,0,1,1,0,0,0,2,2,0,0,0,2.321173,0.6192404,0,0,0,427,0,0,0,0,1988,0,0,0,0,"class_1"
"43",-0.0298808103,-0.3333333,0,0,0,58.91379,0.01724138,0,0,0,3.067151,57.82819,0,0,0,0.09263658,0,0,0,0,4,0.27586207,0,0,0,5,1,0,0,0,10,26,0,0,0,2.043389,0.7901389,0,0,0,395,1,0,0,0,1851,0,0,0,0,"class_1"
"44",-0.039272552,1,0,0,0,43.11765,0,0,0,0,2.724706,50.84314,0,0,0,0.08823529,0,0,0,0,4.54902,0.47058824,0,0,0,51,5,0,0,0,3,3,0,0,0,2.707868,1.0267023,0,0,0,448,0,0,0,0,2372,0,0,0,0,"class_1"
"45",-0.0343014487,0,0,0,0,65.83333,0,0,0,0,3.231638,59.86667,0,0,0,0.03896104,0,0,0,0,3.833333,0.26666667,0,0,0,1,1,0,0,0,25,5,0,0,0,2.068051,0.6856067,0,0,0,375,0,0,0,0,1688,0,0,0,0,"class_1"
"46",-0.1300795002,0,0,0,0,63,0,0,0,0,3.172414,58.86441,0,0,0,0.06870229,0,0,0,0,3.898305,0.27118644,0,0,0,3,1,0,0,0,23,2,0,0,0,2.073602,0.6905897,0,0,0,375,0,0,0,0,1657,0,0,0,0,"class_1"
"47",-0.0859054608,0,0,0,0,53.21429,0,0,0,0,2.935065,55.96429,0,0,0,0.06696429,0,0,0,0,4.178571,0.07142857,0,0,0,1,1,0,0,0,2,7,0,0,0,2.05477,0.3745127,0,0,0,428,0,0,0,0,1996,0,0,0,0,"class_1"
"48",-0.0217396609,0.4666667,0,0,0,47.67925,0,0,0,0,2.833817,52.88679,0,0,0,0.09635974,0,0,0,0,4.377358,0.30188679,0,0,0,1,1,0,0,0,4,2,0,0,0,2.610824,0.9919853,0,0,0,437,0,0,0,0,2175,0,0,0,0,"class_1"
"49",0.040705272,0,0,0,0,54.46429,0,0,0,0,2.980519,55.96429,0,0,0,0.07371007,0,0,0,0,4.142857,0.07142857,0,0,0,11,1,0,0,0,2,21,0,0,0,1.891883,0.3745127,0,0,0,387,0,0,0,0,1682,0,0,0,0,"class_1"
"50",0.0051086997,-0.2,0,0,0,47.19231,0.01923077,0,0,0,2.850679,51.73152,0,0,0,0.07894737,0,0,0,0,4.423077,0.46153846,0,0,0,15,1,0,0,0,3,7,0,0,0,2.243476,0.9385332,0,0,0,432,1,0,0,0,2130,0,0,0,0,"class_1"
"51",-0.0366932166,0.09803922,0,0,0,45.05,0.01666667,0,0,0,2.527119,59.60056,59.96667,0,0,0.0899654,0,0,0,0,6.066667,0.76666667,0.1,0,0,27,1,1,0,0,9,9,4,0,0,2.090063,1.0949292,0.543061,0,0,815,1,0,0,0,4807,0,0,0,0,"class_2"
"52",-0.057538673,-0.2631579,0,0,0,49.84286,0.07142857,0,0,0,2.44472,69.43064,0,0,0,0.12815884,0,0,0,0,7.057143,0.85714286,0,0,0,36,1,0,0,0,16,61,0,0,0,3.698357,1.2543919,0,0,0,1520,5,0,0,0,12193,1,0,0,0,"class_2"
"53",-0.0028722586,0.1186441,0,0,0,40.33333,0.14285714,0,0,0,2.301075,62.40143,0,0,0,0.13697858,0,0,0,0,7.809524,0.82539683,0,0,0,7,2,0,0,0,36,22,0,0,0,3.834719,1.4203553,0,0,0,1612,5,0,0,0,13416,3,0,0,0,"class_2"
"54",-0.0673952862,-0.2962963,0,0,0,44.90323,0.06451613,0,0,0,2.472237,61.5505,0,0,0,0.0904936,0,0,0,0,6.354839,0.64516129,0,0,0,7,1,0,0,0,11,38,0,0,0,2.567749,1.1887005,0,0,0,1028,4,0,0,0,6927,1,0,0,0,"class_2"
"55",0.0564141906,-0.1111111,0,0,0,43.13333,0.01666667,0,0,0,2.462147,59.6339,0,0,0,0.12488437,0,0,0,0,6.333333,0.66666667,0,0,0,27,2,0,0,0,38,3,0,0,0,2.885773,1.0195823,0,0,0,991,1,0,0,0,6613,0,0,0,0,"class_2"
"56",-0.1011063748,-0.4583333,0,0,0,44.11111,0.12698413,0,0,0,2.422939,62.33743,0,0,0,0.10723192,0,0,0,0,6.634921,0.88888889,0,0,0,12,1,0,0,0,15,14,0,0,0,3.143357,1.3333333,0,0,0,1117,6,0,0,0,7739,1,0,0,0,"class_2"
"57",0.0360039673,-0.5,0,0,0,45.28125,0.078125,0,0,0,2.4375,63.37748,0,0,0,0.13006397,0,0,0,0,7.03125,0.9375,0,0,0,7,2,0,0,0,3,22,0,0,0,3.211926,1.283287,0,0,0,1285,5,0,0,0,9629,0,0,0,0,"class_2"
"58",0.0117272848,-0.2666667,0,0,0,48.53226,0.03225806,0,0,0,2.591222,61.64622,61.96774,0,0,0.07810651,0,0,0,0,5.870968,0.61290323,0.09677419,0,0,13,1,1,0,0,7,7,12,0,0,2.712955,1.1066837,0.5343811,0,0,801,2,0,0,0,4779,0,0,0,0,"class_2"
"59",0.0954715144,0.1139489,0,0,0,38.96721,2.85245902,0,0,0,2.298907,57.84918,0,0,0,0.15625,0.11538462,0,0,0,8.065574,1.44262295,0,0,0,6,2,0,0,0,3,3,0,0,0,4.150778,2.0698196,0,0,0,1548,24,0,0,0,12984,42,0,0,0,"class_2"
"60",-0.0879283498,-0.03960396,0,0,0,38.37097,0.30645161,0,0,0,2.258065,61.10682,0,0,0,0.12079327,0,0,0,0,7.935484,0.96774194,0,0,0,7,2,0,0,0,3,1,0,0,0,3.24351,1.4368424,0,0,0,1530,8,0,0,0,12226,5,0,0,0,"class_2"
"61",-0.0303632545,-0.2909091,0,0,0,43.52459,0.08196721,0,0,0,2.45082,60.44536,60.96721,0,0,0.12979592,0,0,0,0,6.754098,0.81967213,0.09836066,0,0,1,1,1,0,0,15,14,15,0,0,3.394386,1.3479391,0.5386687,0,0,1119,5,0,0,0,7985,1,0,0,0,"class_2"
"62",-0.231063107,0,0,0,0,47.53226,0,0,0,0,2.558435,61.87097,0,0,0,0.08232711,0,0,0,0,5.580645,0.25806452,0,0,0,9,1,0,0,0,4,4,0,0,0,2.633631,0.6759446,0,0,0,861,0,0,0,0,5351,0,0,0,0,"class_2"
"63",0.0294688399,-0.1291513,0,0,0,40.12903,0.46774194,0,0,0,2.315706,60.6605,61.90323,0,0,0.12797992,0.17647059,0,0,0,7.935484,1.4516129,0.29032258,0,0,6,1,1,0,0,11,11,11,0,0,3.775985,1.8963072,0.8941907,0,0,1458,15,0,0,0,11596,9,0,0,0,"class_2"
"64",0.0698935532,-0.2,0,0,0,102.4433,0.01030928,0,0,0,3.134235,96.85588,0,0,0,0.10382916,0,0,0,0,5.072165,0.24742268,0,0,0,5,1,0,0,0,11,11,0,0,0,3.23795,0.7221341,0,0,0,1264,1,0,0,0,8481,0,0,0,0,"class_2"
"65",-0.0600000996,0.0670194,0,0,0,49.65574,0.03278689,0,0,0,2.655191,60.57486,60.96721,0,0,0.10096154,0,0,0,0,5.639344,0.75409836,0.09836066,0,0,21,12,1,0,0,9,7,7,0,0,2.652249,1.1783567,0.5386687,0,0,776,2,0,0,0,4702,0,0,0,0,"class_2"
"66",0.0956331848,-0.1061873,0,0,0,49.35484,0.24193548,0,0,0,2.618191,61.20148,61.96774,0,0,0.13084112,0,0,0,0,5.870968,0.87096774,0.09677419,0,0,6,1,1,0,0,15,15,15,0,0,3.389878,1.5938804,0.5343811,0,0,879,9,0,0,0,5700,7,0,0,0,"class_2"
"67",0.0845665175,-0.2617187,0,0,0,43.03125,0.765625,0,0,0,2.366071,62.68056,0,0,0,0.15153337,0,0,0,0,7.6875,1.0625,0,0,0,5,1,0,0,0,20,22,0,0,0,4.054686,1.6317777,0,0,0,1495,13,0,0,0,11908,10,0,0,0,"class_2"
"68",-0.0786230236,-0.2631579,0,0,0,40.875,0.40625,0,0,0,2.297619,63.0129,0,0,0,0.1640884,0,0,0,0,7.71875,0.9375,0,0,0,20,1,0,0,0,14,14,0,0,0,4.08819,1.5105449,0,0,0,1612,10,0,0,0,13484,6,0,0,0,"class_2"
"69",0.0346207376,0.2424242,0,0,0,53.12698,0.01587302,0,0,0,2.713774,62.68305,62.93651,0,0,0.11111111,0,0,0,0,5.68254,0.63492063,0.19047619,0,0,8,1,1,0,0,11,6,5,0,0,3.036474,1.1259632,0.7374136,0,0,775,1,0,0,0,4652,0,0,0,0,"class_2"
"70",0.0614152053,0.2767296,0,0,0,39.73333,0.18333333,0,0,0,2.346893,59.30621,59.93333,0,0,0.16120577,0,0,0,0,7.766667,1,0.2,0,0,28,4,1,0,0,9,9,9,0,0,3.841639,1.3529629,0.7546466,0,0,1362,4,0,0,0,10527,2,0,0,0,"class_2"
"71",0.0120397968,0.1555556,0,0,0,40.74603,0.55555556,0,0,0,2.314388,61.77983,0,0,0,0.1239521,0,0,0,0,7.809524,1.20634921,0,0,0,6,2,0,0,0,3,16,0,0,0,3.78391,1.5043885,0,0,0,1532,10,0,0,0,12620,6,0,0,0,"class_2"
"72",0.0601680615,0.1520737,0,0,0,45.48387,0.72580645,0,0,0,2.491274,60.95928,61.96774,0,0,0.09823009,0,0,0,0,6.387097,0.74193548,0.09677419,0,0,7,1,1,0,0,60,60,39,0,0,3.210407,1.4478416,0.5343811,0,0,1056,8,0,0,0,7418,8,0,0,0,"class_2"
"73",-0.0727151712,-0.3168317,0,0,0,37.23333,0.38333333,0,0,0,2.262147,58.84633,0,0,0,0.11852332,0,0,0,0,8.033333,1.26666667,0,0,0,48,2,0,0,0,10,6,0,0,0,3.439386,1.5608197,0,0,0,1422,11,0,0,0,11305,5,0,0,0,"class_2"
"74",-0.0697910437,-0.2039801,0,0,0,41.01613,1.25806452,0,0,0,2.344791,60.04125,0,0,0,0.12687585,0,0,0,0,7.483871,1.41935484,0,0,0,16,3,0,0,0,19,1,0,0,0,3.895108,1.7883813,0,0,0,1342,18,0,0,0,10501,16,0,0,0,"class_2"
"75",0.0564976105,-0.1294867,0,0,0,39.53333,4,0,0,0,2.340113,56.30226,59.96667,0,0,0.12317328,0,0,0,0,7.6,1.36666667,0.1,0,0,1,1,1,0,0,31,31,17,0,0,3.906535,2.2167824,0.543061,0,0,1319,26,0,0,0,10256,45,0,0,0,"class_2"
"76",0.0378864567,-0.2444444,0,0,0,39.98413,0.11111111,0,0,0,2.289811,62.36866,0,0,0,0.12454874,0,0,0,0,7.809524,0.88888889,0,0,0,62,3,0,0,0,33,23,0,0,0,3.397614,1.2840349,0,0,0,1524,5,0,0,0,12185,1,0,0,0,"class_2"
"77",-0.1434210972,0.2466247,0,0,0,42.6129,0.19354839,0,0,0,2.397144,61.26441,61.96774,0,0,0.11085973,0,0,0,0,7,1,0.09677419,0,0,11,1,1,0,0,3,27,27,0,0,3.377845,1.355015,0.5343811,0,0,1228,5,0,0,0,9220,2,0,0,0,"class_2"
"78",0.1975213223,-0.3512545,0,0,0,41.54098,0.1147541,0,0,0,2.384699,60.38087,60.90164,0,0,0.13533835,0,0,0,0,7.639344,0.95081967,0.29508197,0,0,5,2,1,0,0,32,8,8,0,0,3.391326,1.4309231,0.9008193,0,0,1331,5,0,0,0,10135,1,0,0,0,"class_2"
"79",0.040501096,-0.2723214,0,0,0,41.70312,0.296875,0,0,0,2.323909,63.07192,0,0,0,0.12789281,0,0,0,0,7.6875,0.9375,0,0,0,7,2,0,0,0,8,58,0,0,0,3.509059,1.5520084,0,0,0,1502,11,0,0,0,11893,8,0,0,0,"class_2"
"80",0.0183267026,-0.2051932,0,0,0,40.04839,0.69354839,0,0,0,2.313062,60.40984,61.93548,0,0,0.1372549,0,0,0,0,8.032258,1.41935484,0.19354839,0,0,49,5,1,0,0,26,38,6,0,0,4.117009,1.8602696,0.7430268,0,0,1529,17,0,0,0,12634,14,0,0,0,"class_2"
"81",-0.0128673583,-0.1056911,0,0,0,42.32812,1.140625,0,0,0,2.34375,62.41121,0,0,0,0.12849494,0,0,0,0,7.6875,1.0625,0,0,0,53,2,0,0,0,39,62,0,0,0,3.702745,1.6702343,0,0,0,1537,14,0,0,0,12565,14,0,0,0,"class_2"
"82",0.0423372122,0.3571429,0,0,0,48.95161,0.06451613,0,0,0,2.604971,61.61502,0,0,0,0.08275862,0,0,0,0,5.806452,0.58064516,0,0,0,35,1,0,0,0,4,4,0,0,0,2.559705,1.0487836,0,0,0,822,2,0,0,0,4947,1,0,0,0,"class_2"
"83",-0.0341438882,0.1333333,0,0,0,40.71875,0.078125,0,0,0,2.292659,63.47123,0,0,0,0.12244898,0,0,0,0,7.71875,0.8125,0,0,0,50,1,0,0,0,16,20,0,0,0,2.951829,1.1666667,0,0,0,1530,3,0,0,0,12108,1,0,0,0,"class_2"
"84",-0.0462962313,-0.2222222,0,0,0,43.16393,0.16393443,0,0,0,2.438798,60.38251,0,0,0,0.14634146,0,0,0,0,6.655738,0.72131148,0,0,0,33,1,0,0,0,16,17,0,0,0,3.177448,1.3182204,0,0,0,1073,6,0,0,0,7365,3,0,0,0,"class_2"
"85",0.0374606142,0.0533805,-0.3333333,0,0,43.73016,2.61904762,0.01587302,0,0,2.41065,60.06861,62.84178,0,0,0.12774451,0,0,0,0,7.650794,1.65079365,0.38095238,0,0,63,1,1,0,0,8,8,8,0,0,4.247043,2.1639177,1.1419928,0,0,1375,22,1,0,0,10934,30,0,0,0,"class_2"
"86",0.0690602958,-0.04096834,0,0,0,38.36066,3.40983607,0,0,0,2.278689,58.2612,60.90164,0,0,0.17889182,0,0,0,0,8.229508,1.27868852,0.29508197,0,0,2,2,1,0,0,32,41,11,0,0,4.698913,1.9590061,0.9008193,0,0,1669,17,0,0,0,14500,19,0,0,0,"class_2"
"87",-0.0206906214,0.125,0,0,0,39.45161,0.24193548,0,0,0,2.293496,61.23374,0,0,0,0.11618497,0,0,0,0,7.870968,0.90322581,0,0,0,42,2,0,0,0,3,9,0,0,0,3.380192,1.3393132,0,0,0,1596,6,0,0,0,13235,3,0,0,0,"class_2"
"88",-0.0148859327,0.09090909,0,0,0,40.47619,0.38095238,0,0,0,2.305684,62.02816,0,0,0,0.14259928,0,0,0,0,7.809524,0.95238095,0,0,0,8,1,0,0,0,16,27,0,0,0,3.36901,1.4748272,0,0,0,1504,9,0,0,0,11797,7,0,0,0,"class_2"
"89",-0.0439611424,-0.06144726,-0.9891008,0,0,42.7619,2.12698413,0.04761905,0,0,2.379416,60.14798,62.81106,62.96825,0,0.12206897,0.09677419,0,0,0,7.396825,1.52380952,0.31746032,0.1269841,0,47,1,1,1,0,40,40,40,26,0,4.619523,2.6265219,1.4348811,0.7069257,0,1332,29,3,0,0,10531,53,1,0,0,"class_2"
"90",0.0794459968,0.4586305,1,0,0,40.64516,0.93548387,0,0,0,2.332628,60.83712,61.90323,61.93548,0,0.13102119,0,0,0,0,7.548387,1.06451613,0.35483871,0.2580645,0,2,2,1,1,0,38,28,27,27,0,4.002775,1.7913359,1.1028543,0.9907024,0,1421,8,0,0,0,11437,5,0,0,0,"class_2"
"91",-0.0758023389,-0.4285714,0,0,0,44.67742,0.0483871,0,0,0,2.464833,61.58223,0,0,0,0.14863749,0,0,0,0,6.387097,0.64516129,0,0,0,6,1,0,0,0,48,4,0,0,0,3.320847,1.1321932,0,0,0,1091,3,0,0,0,7883,0,0,0,0,"class_2"
"92",-0.1249576327,-0.3333333,0,0,0,39.46774,0.67741935,0,0,0,2.294024,60.53834,0,0,0,0.13391197,0,0,0,0,7.806452,1.29032258,0,0,0,34,5,0,0,0,14,12,0,0,0,3.9165,1.702333,0,0,0,1469,15,0,0,0,11728,10,0,0,0,"class_2"
"93",-0.0105404946,-0.2756014,0,0,0,45.92537,0.64179104,0,0,0,2.391678,65.82542,66.9403,0,0,0.13862559,0,0,0,0,7.373134,0.95522388,0.17910448,0,0,11,1,1,0,0,15,64,16,0,0,4.014503,1.735833,0.7161635,0,0,1532,13,0,0,0,12427,11,0,0,0,"class_2"
"94",-0.123020234,-0.227758,0,0,0,45.62712,0.08474576,0,0,0,2.573349,58.46055,58.9661,0,0,0.08237986,0,0,0,0,5.830508,0.77966102,0.10169492,0,0,19,2,1,0,0,11,11,8,0,0,2.865686,1.378002,0.5475625,0,0,826,5,0,0,0,5179,1,0,0,0,"class_2"
"95",-0.1115969355,-0.1601112,-0.3333333,0,0,42.26562,0.34375,0.015625,0,0,2.341766,62.91716,63.84425,0,0,0.13090257,0,0,0,0,7.65625,1.25,0.375,0,0,17,1,1,0,0,61,61,61,0,0,4.059943,1.8430479,1.1338934,0,0,1527,12,1,0,0,12508,8,0,0,0,"class_2"
"96",0.1026573834,-0.01027617,0,0,0,42.22222,1.79365079,0,0,0,2.362007,61.12135,62.96825,0,0,0.13444816,0,0,0,0,7.428571,1.04761905,0.0952381,0,0,6,2,1,0,0,9,12,14,0,0,3.986729,1.6889448,0.5301943,0,0,1361,13,0,0,0,10544,15,0,0,0,"class_2"
"97",0.0071639612,-0.09090909,0,0,0,64.95946,0.12162162,0,0,0,2.779711,73.54387,0,0,0,0.10581506,0,0,0,0,5.432432,0.54054054,0,0,0,7,2,0,0,0,60,60,0,0,0,3.239656,1.1608829,0,0,0,975,5,0,0,0,6355,3,0,0,0,"class_2"
"98",-0.0805739096,0.04761905,0,0,0,38.59677,0.08064516,0,0,0,2.265468,61.55103,0,0,0,0.11297798,0,0,0,0,7.645161,0.64516129,0,0,0,44,2,0,0,0,3,20,0,0,0,3.534823,1.1321932,0,0,0,1596,3,0,0,0,13392,1,0,0,0,"class_2"
"99",0.0402170645,-0.3333333,0,0,0,40.38333,0.13333333,0,0,0,2.368927,59.23785,0,0,0,0.10434783,0,0,0,0,7.233333,1.06666667,0,0,0,53,3,0,0,0,55,2,0,0,0,3.06631,1.3512915,0,0,0,1177,6,0,0,0,8649,1,0,0,0,"class_2"
"100",0.1868364988,0.3117757,-0.5,0,0,41.83607,3.3442623,0.06557377,0,0,2.394536,57.89836,60.80546,0,0,0.13604919,0,0,0,0,7.344262,1.3442623,0.29508197,0,0,61,1,1,0,0,42,42,19,0,0,3.614255,2.080747,1.1880553,0,0,1183,18,2,0,0,8629,27,1,0,0,"class_2"
"101",0.1212121212,0,0,0,0,42.27273,0,0,0,0,2.966173,44,0,0,0,0.09056604,0,0,0,0,3.681818,0.09090909,0,0,0,2,1,0,0,0,8,8,0,0,0,2.228491,0.6030227,0,0,0,249,0,0,0,0,1018,0,0,0,0,"class_3"
"102",0.1926378072,0,0,0,0,63.22449,0,0,0,0,3.634354,48.79592,0,0,0,0.04545455,0,0,0,0,3.346939,0.40816327,0,0,0,2,1,0,0,0,28,3,0,0,0,2.005732,0.814411,0,0,0,192,0,0,0,0,629,0,0,0,0,"class_3"
"103",0.1450626566,0,0,0,0,78.23077,0,0,0,0,4.067873,51.88462,0,0,0,0.06557377,0,0,0,0,3.153846,0.23076923,0,0,0,1,1,0,0,0,2,34,0,0,0,1.797434,0.6452051,0,0,0,175,0,0,0,0,509,0,0,0,0,"class_3"
"104",-0.0201037117,0,0,0,0,41.11364,0,0,0,0,2.912262,43.95455,0,0,0,0.0747331,0,0,0,0,3.727273,0.09090909,0,0,0,3,1,0,0,0,27,4,0,0,0,2.128037,0.4214141,0,0,0,267,0,0,0,0,1144,0,0,0,0,"class_3"
"105",-0.0634632217,1,0,0,0,43.18605,0,0,0,0,3.056478,42.76744,42.95349,0,0,0.05791506,0,0,0,0,3.767442,0.51162791,0.13953488,0,0,1,1,1,0,0,8,8,8,0,0,2.724118,0.9604585,0.6392479,0,0,249,0,0,0,0,1144,0,0,0,0,"class_3"
"106",0.1610318546,0,0,0,0,67.21154,0,0,0,0,3.635747,51.96154,0,0,0,0,0,0,0,0,3.115385,0.07692308,0,0,0,3,1,0,0,0,22,22,0,0,0,1.616749,0.3883678,0,0,0,196,0,0,0,0,650,0,0,0,0,"class_3"
"107",0.3702403838,0.3377338,-1,0,0,56.80435,0.06521739,0.02173913,0,0,3.524638,45.69855,45.87053,0,0,0.07978723,0,0,0,0,3.434783,0.60869565,0.26086957,0,0,1,1,1,0,0,8,27,27,0,0,2.437231,1.8193804,1.0632191,0,0,178,3,1,0,0,599,1,0,0,0,"class_3"
"108",0.3678715038,-0.4769231,0,0,0,48.97727,0.29545455,0,0,0,3.278013,43.28647,0,0,0,0.01388889,0,0,0,0,3.727273,0.54545455,0,0,0,44,3,0,0,0,22,22,0,0,0,2.336402,1.4540168,0,0,0,214,7,0,0,0,825,7,0,0,0,"class_3"
"109",-0.0743737958,0,0,0,0,45.25581,0,0,0,0,3.155039,42.81395,0,0,0,0.08606557,0,0,0,0,3.813953,0.37209302,0,0,0,42,1,0,0,0,29,2,0,0,0,2.073137,0.7874992,0,0,0,230,0,0,0,0,846,0,0,0,0,"class_3"
"110",-0.2585751979,-0.2222222,0,0,0,61.5,0.04545455,0,0,0,3.860465,43.41121,0,0,0,0.06936416,0,0,0,0,3.681818,1,0,0,0,5,1,0,0,0,6,16,0,0,0,1.889663,1.1812488,0,0,0,165,2,0,0,0,474,0,0,0,0,"class_3"
"111",0.1392877874,0.1666667,0,0,0,50.61364,0.02272727,0,0,0,3.354123,43.81924,0,0,0,0.09813084,0,0,0,0,3.818182,0.45454545,0,0,0,44,1,0,0,0,20,2,0,0,0,2.202248,1.1300246,0,0,0,200,1,0,0,0,658,0,0,0,0,"class_3"
"112",0.2239890959,-0.12,0,0,0,47.43182,0.13636364,0,0,0,3.206131,43.46089,0,0,0,0.09375,0,0,0,0,3.818182,0.72727273,0,0,0,1,1,0,0,0,27,27,0,0,0,2.670012,1.6755927,0,0,0,210,6,0,0,0,774,4,0,0,0,"class_3"
"113",0.21655007,1,0,0,0,47.06818,0,0,0,0,3.189218,43.90909,43.95455,0,0,0.02857143,0,0,0,0,3.727273,0.22727273,0.13636364,0,0,11,1,1,0,0,25,25,25,0,0,1.796167,0.7428304,0.6321212,0,0,206,0,0,0,0,680,0,0,0,0,"class_3"
"114",-0.2340946511,1,0,0,0,48.52174,0,0,0,0,3.156522,45.91304,45.95652,0,0,0.01271186,0,0,0,0,3.652174,0.2173913,0.13043478,0,0,5,1,1,0,0,19,19,19,0,0,1.791553,0.7276459,0.6185537,0,0,234,0,0,0,0,861,0,0,0,0,"class_3"
"115",0.3237553713,0.8092243,0,0,0,56.10638,0.0212766,0,0,0,3.439408,46.83071,46.95745,0,0,0.03370787,0,0,0,0,3.489362,0.55319149,0.12765957,0,0,47,1,1,0,0,25,26,24,0,0,2.348657,1.6125663,0.6120891,0,0,174,1,0,0,0,547,0,0,0,0,"class_3"
"116",-0.1149239236,0,0,0,0,51.80435,0,0,0,0,3.302415,45.82609,0,0,0,0.09813084,0,0,0,0,3.652174,0.34782609,0,0,0,7,1,0,0,0,26,2,0,0,0,1.68941,0.7664461,0,0,0,200,0,0,0,0,613,0,0,0,0,"class_3"
"117",0.2603825949,0,0,0,0,65.08333,0,0,0,0,3.769504,47.91667,0,0,0,0.09574468,0,0,0,0,3.416667,0.16666667,0,0,0,2,2,0,0,0,1,1,0,0,0,1.784488,0.5586204,0,0,0,176,0,0,0,0,545,0,0,0,0,"class_3"
"118",0.1843271871,0.6666667,0,0,0,36.41026,0.1025641,0,0,0,2.916329,38.64642,0,0,0,0.11065574,0,0,0,0,4.25641,0.51282051,0,0,0,38,5,0,0,0,2,2,0,0,0,2.489113,1.3547537,0,0,0,226,2,0,0,0,820,1,0,0,0,"class_3"
"119",0.001715801,0.55,0,0,0,65.66667,0.08333333,0,0,0,3.794326,47.62855,0,0,0,0.01744186,0,0,0,0,3.333333,0.75,0,0,0,1,1,0,0,0,6,32,0,0,0,1.938779,1.3448088,0,0,0,170,2,0,0,0,553,1,0,0,0,"class_3"
"120",0.3166056493,0,0,0,0,59,0,0,0,0,3.510638,47.95833,0,0,0,0.09767442,0,0,0,0,3.416667,0.08333333,0,0,0,4,1,0,0,0,27,30,0,0,0,1.854647,0.4038819,0,0,0,201,0,0,0,0,654,0,0,0,0,"class_3"
"121",0.1078147396,0.25,0,0,0,48.55556,0.02222222,0,0,0,3.207071,44.73434,0,0,0,0.08294931,0,0,0,0,3.777778,0.53333333,0,0,0,5,2,0,0,0,25,25,0,0,0,2.152049,1.3751033,0,0,0,205,1,0,0,0,666,0,0,0,0,"class_3"
"122",-0.1407301652,0.2173913,0,0,0,49.17391,0.02173913,0,0,0,3.185507,45.78357,0,0,0,0.07317073,0,0,0,0,3.695652,0.52173913,0,0,0,46,1,0,0,0,20,4,0,0,0,2.317753,1.2951041,0,0,0,234,1,0,0,0,899,0,0,0,0,"class_3"
"123",0.2724014337,-0.1344538,0,0,0,75.02,0.02,0,0,0,4.062041,49.84082,49.96,0,0,0.13043478,0,0,0,0,3.36,0.36,0.12,0,0,3,1,1,0,0,29,29,29,0,0,2.265626,1.0644535,0.593846,0,0,189,1,0,0,0,568,0,0,0,0,"class_3"
"124",0.2157424199,1,0,0,0,62.29787,0,0,0,0,3.708603,46.82979,0,0,0,0.01546392,0,0,0,0,3.617021,0.59574468,0,0,0,45,1,0,0,0,9,14,0,0,0,1.973225,1.1732447,0,0,0,192,0,0,0,0,611,0,0,0,0,"class_3"
"125",0.1732092883,1,0,0,0,56.55319,0,0,0,0,3.458834,46.95745,0,0,0,0.03964758,0,0,0,0,3.617021,0.34042553,0,0,0,47,1,0,0,0,10,4,0,0,0,2.308333,1.0483236,0,0,0,221,0,0,0,0,812,0,0,0,0,"class_3"
"126",0.250788312,-0.5,0,0,0,44.95349,0.02325581,0,0,0,3.140642,42.81506,0,0,0,0.07317073,0,0,0,0,3.906977,0.27906977,0,0,0,1,1,0,0,0,22,22,0,0,0,2.009667,0.8259362,0,0,0,234,1,0,0,0,901,0,0,0,0,"class_3"
"127",0.1147900409,0,0,0,0,55.08333,0,0,0,0,3.343972,47.83333,0,0,0,0.05769231,0,0,0,0,3.458333,0.33333333,0,0,0,3,1,0,0,0,9,2,0,0,0,1.749873,0.7532436,0,0,0,200,0,0,0,0,687,0,0,0,0,"class_3"
"128",0.1884230941,1,0,0,0,76.96226,0,0,0,0,3.960087,52.84906,0,0,0,0,0,0,0,0,3.207547,0.45283019,0,0,0,5,1,0,0,0,41,29,0,0,0,1.53621,1.0108267,0,0,0,156,0,0,0,0,432,0,0,0,0,"class_3"
"129",0.0291326418,0,0,0,0,71.21154,0,0,0,0,3.792609,51.92308,0,0,0,0.01492537,0,0,0,0,3.192308,0.15384615,0,0,0,1,1,0,0,0,7,5,0,0,0,1.74938,0.5381382,0,0,0,199,0,0,0,0,686,0,0,0,0,"class_3"
"130",0.0458774721,0,0,0,0,50.71111,0,0,0,0,3.305051,44.82222,0,0,0,0.05217391,0,0,0,0,3.733333,0.35555556,0,0,0,5,1,0,0,0,9,7,0,0,0,1.851289,0.7732915,0,0,0,222,0,0,0,0,847,0,0,0,0,"class_3"
"131",0.2543686931,1,0,0,0,68.58,0,0,0,0,3.799184,49.92,0,0,0,0.05172414,0,0,0,0,3.32,0.4,0,0,0,1,1,0,0,0,8,27,0,0,0,1.570649,1.069045,0,0,0,168,0,0,0,0,467,0,0,0,0,"class_3"
"132",0.0969223254,0,0,0,0,49.20455,0,0,0,0,3.288584,43.86364,0,0,0,0.04390244,0,0,0,0,3.590909,0.27272727,0,0,0,7,1,0,0,0,9,2,0,0,0,1.795578,0.6942835,0,0,0,199,0,0,0,0,689,0,0,0,0,"class_3"
"133",0.0691495076,1,0,0,0,45.38636,0,0,0,0,3.110994,43.90909,0,0,0,0.06818182,0,0,0,0,3.727273,0.45454545,0,0,0,3,1,0,0,0,10,28,0,0,0,1.945342,1.1300246,0,0,0,210,0,0,0,0,771,0,0,0,0,"class_3"
"134",0.0964061609,-0.3333333,0,0,0,52.15217,0.02173913,0,0,0,3.317874,45.78357,0,0,0,0.05687204,0,0,0,0,3.478261,0.34782609,0,0,0,5,1,0,0,0,6,29,0,0,0,1.846789,0.874767,0,0,0,203,1,0,0,0,707,0,0,0,0,"class_3"
"135",0.1546775997,-0.5,0,0,0,62.28,0.02,0,0,0,3.542041,49.84082,0,0,0,0.04347826,0,0,0,0,3.36,0.24,0,0,0,5,2,0,0,0,6,25,0,0,0,1.987307,0.7708993,0,0,0,201,1,0,0,0,686,0,0,0,0,"class_3"
"136",0.2827988338,1,0,0,0,44.2093,0,0,0,0,3.105205,42.86047,0,0,0,0.10084034,0,0,0,0,3.813953,0.46511628,0,0,0,3,1,0,0,0,2,10,0,0,0,2.08459,1.0544427,0,0,0,222,0,0,0,0,830,0,0,0,0,"class_3"
"137",0.0120314669,0,0,0,0,39.275,0,0,0,0,3.014103,39.85,0,0,0,0.14876033,0,0,0,0,4,0.3,0,0,0,5,1,0,0,0,11,3,0,0,0,2.12434,0.7232406,0,0,0,218,0,0,0,0,759,0,0,0,0,"class_3"
"138",-0.0768286962,-0.3333333,0,0,0,45.7907,0.02325581,0,0,0,3.180509,42.76855,0,0,0,0.09633028,0,0,0,0,3.72093,0.37209302,0,0,0,1,1,0,0,0,7,23,0,0,0,2.015719,0.9003506,0,0,0,204,1,0,0,0,694,0,0,0,0,"class_3"
"139",0.1697361078,0.5897436,0,0,0,51.54545,0,0,0,0,3.397463,43.77273,0,0,0,0.08866995,0,0,0,0,3.727273,0.72727273,0,0,0,1,1,0,0,0,27,27,0,0,0,2.234649,1.3701746,0,0,0,191,0,0,0,0,664,0,0,0,0,"class_3"
"140",0.1276803119,1,0,0,0,63.76596,0,0,0,0,3.772433,46.87234,0,0,0,0.05521472,0,0,0,0,3.404255,0.59574468,0,0,0,1,1,0,0,0,8,27,0,0,0,1.610557,1.2451571,0,0,0,157,0,0,0,0,431,0,0,0,0,"class_3"
"141",0.0531482599,0,0,0,0,62.89583,0,0,0,0,3.676418,48,0,0,0,0.09722222,0,0,0,0,3.416667,0.25,0,0,0,48,1,0,0,0,2,25,0,0,0,1.784488,0.9784921,0,0,0,202,0,0,0,0,700,0,0,0,0,"class_3"
"142",0.3511022218,-9.992007e-16,0,0,0,49.54762,0.11904762,0,0,0,3.416957,41.52962,0,0,0,0.0952381,0,0,0,0,3.904762,0.85714286,0,0,0,3,2,0,0,0,9,9,0,0,0,1.884591,1.4745223,0,0,0,177,3,0,0,0,573,1,0,0,0,"class_3"
"143",-0.0043439754,0,0,0,0,56.95745,0.04255319,0,0,0,3.476411,46.66142,0,0,0,0.03333333,0,0,0,0,3.446809,0.68085106,0,0,0,1,1,0,0,0,28,2,0,0,0,1.851069,1.2701657,0,0,0,176,2,0,0,0,548,0,0,0,0,"class_3"
"144",-0.0148312053,1,0,0,0,52.31915,0,0,0,0,3.274746,46.87234,0,0,0,0.06521739,0,0,0,0,3.446809,0.34042553,0,0,0,3,1,0,0,0,2,38,0,0,0,1.987007,0.8666928,0,0,0,220,0,0,0,0,818,0,0,0,0,"class_3"
"145",-0.0144418735,0,0,0,0,50.82222,0,0,0,0,3.310101,44.95556,0,0,0,0.01538462,0,0,0,0,3.466667,0.08888889,0,0,0,1,1,0,0,0,2,2,0,0,0,1.455397,0.4168182,0,0,0,193,0,0,0,0,641,0,0,0,0,"class_3"
"146",0.0457279954,1,0,0,0,43.47619,0,0,0,0,3.12079,41.85714,0,0,0,0.14102564,0,0,0,0,3.857143,0.57142857,0,0,0,3,1,0,0,0,10,19,0,0,0,2.006957,1.1923099,0,0,0,212,0,0,0,0,752,0,0,0,0,"class_3"
"147",0.0941894581,-0.5,0,0,0,61.2449,0.02040816,0,0,0,3.551871,48.83759,0,0,0,0.03157895,0,0,0,0,3.22449,0.24489796,0,0,0,1,1,0,0,0,7,22,0,0,0,1.939344,0.7781016,0,0,0,186,1,0,0,0,620,0,0,0,0,"class_3"
"148",-0.1121495327,0,0,0,0,53.5625,0,0,0,0,3.279255,0,0,0,0,0.07725322,0,0,0,0,3.5,0,0,0,0,8,0,0,0,0,10,0,0,0,0,1.515873,0,0,0,0,221,0,0,0,0,750,0,0,0,0,"class_3"
"149",0.1767724468,1,0,0,0,49.65909,0,0,0,0,3.309725,43.90909,0,0,0,0.04568528,0,0,0,0,3.590909,0.36363636,0,0,0,1,1,0,0,0,33,11,0,0,0,1.968569,0.9904406,0,0,0,191,0,0,0,0,625,0,0,0,0,"class_3"
"150",-0.2427038874,0,0,0,0,61.84,0,0,0,0,3.524082,49.96,0,0,0,0.03614458,0,0,0,0,3.36,0.08,0,0,0,4,1,0,0,0,6,2,0,0,0,1.870938,0.3958973,0,0,0,243,0,0,0,0,912,0,0,0,0,"class_3"
"151",-0.0632388622,0,0,0,0,53.25,0,0,0,0,3.265957,0,0,0,0,0.06666667,0,0,0,0,3.166667,0,0,0,0,1,0,0,0,0,8,0,0,0,0,1.602303,0,0,0,0,215,0,0,0,0,761,0,0,0,0,"class_4"
"152",-0.12760364,1,0,0,0,42.85366,0,0,0,0,3.142683,40.90244,40.95122,0,0,0.0625,0,0,0,0,3.317073,0.24390244,0.14634146,0,0,1,1,1,0,0,9,20,20,0,0,1.849852,0.7674792,0.6542544,0,0,184,0,0,0,0,627,0,0,0,0,"class_4"
"153",-0.0857142857,0,0,0,0,52.65854,0,0,0,0,3.632927,40.90244,0,0,0,0.08275862,0,0,0,0,3.073171,0.19512195,0,0,0,1,1,0,0,0,11,12,0,0,0,1.367301,0.6008125,0,0,0,137,0,0,0,0,363,0,0,0,0,"class_4"
"154",0.0009136592,-0.25,0,0,0,46.61364,0.02272727,0,0,0,3.168076,43.72833,0,0,0,0.06726457,0,0,0,0,3.681818,0.45454545,0,0,0,3,1,0,0,0,5,6,0,0,0,1.914118,0.9512427,0,0,0,213,1,0,0,0,755,0,0,0,0,"class_4"
"155",-0.0406577317,0,0,0,0,64.91489,0,0,0,0,3.822387,0,0,0,0,0.03821656,0,0,0,0,2.808511,0,0,0,0,46,0,0,0,0,18,0,0,0,0,1.279237,0,0,0,0,153,0,0,0,0,444,0,0,0,0,"class_4"
"156",0.0657769304,0,0,0,0,69.76087,0,0,0,0,4.100483,0,0,0,0,0.06,0,0,0,0,2.73913,0,0,0,0,5,0,0,0,0,6,0,0,0,0,1.34056,0,0,0,0,144,0,0,0,0,417,0,0,0,0,"class_4"
"157",-0.1871294955,-0.5,0,0,0,35.81579,0.02631579,0,0,0,2.935989,37.7909,0,0,0,0.04186047,0,0,0,0,3.526316,0.31578947,0,0,0,4,3,0,0,0,8,2,0,0,0,2.177736,0.8731819,0,0,0,209,1,0,0,0,843,0,0,0,0,"class_4"
"158",0.0197784351,0,0,0,0,59.25,0,0,0,0,3.755814,43.90909,0,0,0,0.08108108,0,0,0,0,2.954545,0.18181818,0,0,0,1,1,0,0,0,4,4,0,0,0,1.683774,0.5816067,0,0,0,140,0,0,0,0,380,0,0,0,0,"class_4"
"159",-0.1000167532,0,0,0,0,37.12821,0,0,0,0,2.954116,0,0,0,0,0.07009346,0,0,0,0,3.435897,0,0,0,0,4,0,0,0,0,1,0,0,0,0,1.997299,0,0,0,0,204,0,0,0,0,804,0,0,0,0,"class_4"
"160",0.0036332911,0,0,0,0,53.13636,0,0,0,0,3.471459,0,0,0,0,0.0483871,0,0,0,0,3.045455,0,0,0,0,1,0,0,0,0,23,0,0,0,0,1.508958,0,0,0,0,180,0,0,0,0,593,0,0,0,0,"class_4"
"161",-0.2287696496,0,0,0,0,59.02222,0,0,0,0,3.682828,44.91111,0,0,0,0.03870968,0,0,0,0,2.933333,0.17777778,0,0,0,1,1,0,0,0,17,17,0,0,0,1.436536,0.5755981,0,0,0,151,0,0,0,0,432,0,0,0,0,"class_4"
"162",-0.0771745871,0,0,0,0,48.7907,0,0,0,0,3.323367,0,0,0,0,0.06185567,0,0,0,0,3.162791,0,0,0,0,1,0,0,0,0,9,0,0,0,0,1.689325,0,0,0,0,186,0,0,0,0,644,0,0,0,0,"class_4"
"163",-0.0818176016,0,0,0,0,54.20455,0,0,0,0,3.521142,43.95455,0,0,0,0.01685393,0,0,0,0,3.045455,0.09090909,0,0,0,1,1,0,0,0,9,36,0,0,0,1.683774,0.4214141,0,0,0,176,0,0,0,0,600,0,0,0,0,"class_4"
"164",-0.0173160173,0,0,0,0,43.21951,0,0,0,0,3.160976,0,0,0,0,0.06486486,0,0,0,0,3.219512,0,0,0,0,5,0,0,0,0,9,0,0,0,0,1.604871,0,0,0,0,177,0,0,0,0,600,0,0,0,0,"class_4"
"165",-0.132247557,0,0,0,0,55,0,0,0,0,3.5,0,0,0,0,0.03389831,0,0,0,0,2.933333,0,0,0,0,1,0,0,0,0,9,0,0,0,0,1.498484,0,0,0,0,173,0,0,0,0,570,0,0,0,0,"class_4"
"166",0.0820300731,-0.3333333,0,0,0,80.98039,0.01960784,0,0,0,4.239216,50.80471,0,0,0,0.11931818,0,0,0,0,2.980392,0.31372549,0,0,0,3,1,0,0,0,4,6,0,0,0,1.881385,0.8364256,0,0,0,162,1,0,0,0,456,0,0,0,0,"class_4"
"167",0.1192347668,-1,0,0,0,42.55,0.025,0,0,0,3.182051,39.80128,39.95,0,0,0.07772021,0,0,0,0,3.45,0.35,0.15,0,0,4,3,1,0,0,1,1,11,0,0,2.111628,0.9753369,0.6621643,0,0,183,1,0,0,0,636,0,0,0,0,"class_4"
"168",-0.0058479532,0,0,0,0,56.24444,0,0,0,0,3.556566,44.86667,0,0,0,0.06122449,0,0,0,0,3.377778,0.26666667,0,0,0,3,1,0,0,0,7,8,0,0,0,1.735837,0.6875517,0,0,0,188,0,0,0,0,604,0,0,0,0,"class_4"
"169",-0.0169319336,0,0,0,0,47.5,0,0,0,0,3.209302,0,0,0,0,0.03061224,0,0,0,0,3,0,0,0,0,5,0,0,0,0,1,0,0,0,0,1.725324,0,0,0,0,192,0,0,0,0,741,0,0,0,0,"class_4"
"170",0.0107584009,0,0,0,0,50.84444,0,0,0,0,3.311111,44.95556,0,0,0,0.05,0,0,0,0,3.377778,0.08888889,0,0,0,45,3,0,0,0,4,1,0,0,0,1.761829,0.4168182,0,0,0,232,0,0,0,0,892,0,0,0,0,"class_4"
"171",0.0941906373,0,0,0,0,54,0,0,0,0,3.7,0,0,0,0,0.10144928,0,0,0,0,3.219512,0,0,0,0,3,0,0,0,0,18,0,0,0,0,1.739428,0,0,0,0,193,0,0,0,0,696,0,0,0,0,"class_4"
"172",-0.0431372549,0,0,0,0,36.35897,0,0,0,0,2.91363,38.94872,0,0,0,0.09767442,0,0,0,0,3.384615,0.1025641,0,0,0,5,1,0,0,0,2,2,0,0,0,1.968373,0.4469117,0,0,0,201,0,0,0,0,753,0,0,0,0,"class_4"
"173",-0.1541107671,0,0,0,0,49.86842,0,0,0,0,3.69559,0,0,0,0,0.06870229,0,0,0,0,2.894737,0,0,0,0,37,0,0,0,0,6,0,0,0,0,1.310858,0,0,0,0,125,0,0,0,0,342,0,0,0,0,"class_4"
"174",-0.0700907733,0,0,0,0,52.65909,0,0,0,0,3.44926,43.86364,0,0,0,0.01764706,0,0,0,0,3.045455,0.27272727,0,0,0,3,1,0,0,0,16,2,0,0,0,1.598757,0.6942835,0,0,0,168,0,0,0,0,554,0,0,0,0,"class_4"
"175",-0.1060657404,0,0,0,0,44.59524,0,0,0,0,3.175377,0,0,0,0,0.04390244,0,0,0,0,3.238095,0,0,0,0,1,0,0,0,0,5,0,0,0,0,1.605015,0,0,0,0,199,0,0,0,0,702,0,0,0,0,"class_4"
"176",-0.2424521073,0,0,0,0,41.025,0,0,0,0,3.103846,39.9,0,0,0,0.07317073,0,0,0,0,3.35,0.2,0,0,0,1,1,0,0,0,5,14,0,0,0,1.776629,0.6076436,0,0,0,195,0,0,0,0,684,0,0,0,0,"class_4"
"177",0.2296559905,0,0,0,0,36.24324,0,0,0,0,3.013514,36.83784,0,0,0,0.15137615,0,0,0,0,3.675676,0.32432432,0,0,0,3,1,0,0,0,2,21,0,0,0,1.795891,0.7473678,0,0,0,196,0,0,0,0,737,0,0,0,0,"class_4"
"178",-0.0589726385,0,0,0,0,52.20455,0,0,0,0,3.428118,43.95455,0,0,0,0.03314917,0,0,0,0,3.045455,0.09090909,0,0,0,3,1,0,0,0,2,2,0,0,0,1.569395,0.4214141,0,0,0,177,0,0,0,0,588,0,0,0,0,"class_4"
"179",-0.0605128205,0,0,0,0,53.2093,0,0,0,0,3.533776,42.95349,0,0,0,0.05389222,0,0,0,0,3.069767,0.09302326,0,0,0,43,1,0,0,0,1,13,0,0,0,1.486372,0.4261653,0,0,0,161,0,0,0,0,493,0,0,0,0,"class_4"
"180",-0.0299297567,0,0,0,0,53.56818,0,0,0,0,3.491543,43.95455,0,0,0,0.05142857,0,0,0,0,3.045455,0.09090909,0,0,0,1,1,0,0,0,12,35,0,0,0,1.445998,0.4214141,0,0,0,169,0,0,0,0,509,0,0,0,0,"class_4"
"181",-0.1865226378,0,0,0,0,43.28571,0,0,0,0,3.111498,0,0,0,0,0.05660377,0,0,0,0,3.142857,0,0,0,0,5,0,0,0,0,7,0,0,0,0,1.920003,0,0,0,0,204,0,0,0,0,793,0,0,0,0,"class_4"
"182",0.0012526619,-0.5,0,0,0,39.71795,0.02564103,0,0,0,3.090418,38.79622,0,0,0,0.09,0,0,0,0,3.435897,0.30769231,0,0,0,38,1,0,0,0,3,12,0,0,0,1.860884,0.8630986,0,0,0,188,1,0,0,0,647,0,0,0,0,"class_4"
"183",0.0474690419,-0.2,0,0,0,48.75,0.02272727,0,0,0,3.267442,43.68288,0,0,0,0.10480349,0,0,0,0,3.590909,0.54545455,0,0,0,10,1,0,0,0,5,4,0,0,0,1.871676,0.9989424,0,0,0,213,1,0,0,0,791,0,0,0,0,"class_4"
"184",0.1145826069,0,0,0,0,44.225,0,0,0,0,3.267949,39.8,0,0,0,0.05769231,0,0,0,0,3.45,0.4,0,0,0,5,1,0,0,0,35,11,0,0,0,1.678675,0.8101915,0,0,0,150,0,0,0,0,438,0,0,0,0,"class_4"
"185",-0.127963415,0,0,0,0,49.25532,0,0,0,0,3.141536,0,0,0,0,0.05660377,0,0,0,0,3.234043,0,0,0,0,3,0,0,0,0,15,0,0,0,0,2.034622,0,0,0,0,255,0,0,0,0,1080,0,0,0,0,"class_4"
"186",0.0055828345,-0.4583333,0,0,0,61.04878,0.19512195,0,0,0,4.052439,40.42439,40.90244,0,0,0.1294964,0,0,0,0,3.219512,0.68292683,0.29268293,0,0,40,1,1,0,0,26,26,24,0,0,1.710441,1.4219533,0.9012187,0,0,127,4,0,0,0,313,3,0,0,0,"class_4"
"187",-0.1256033466,0,0,0,0,57.86667,0,0,0,0,3.630303,0,0,0,0,0.07317073,0,0,0,0,2.933333,0,0,0,0,5,0,0,0,0,13,0,0,0,0,1.371794,0,0,0,0,156,0,0,0,0,461,0,0,0,0,"class_4"
"188",-0.1527675277,-1,0,0,0,55.14286,0.04761905,0,0,0,3.689895,41.71661,0,0,0,0.05882353,0,0,0,0,3.142857,0.38095238,0,0,0,42,3,0,0,0,5,2,0,0,0,1.523338,1.0109735,0,0,0,147,2,0,0,0,418,0,0,0,0,"class_4"
"189",-0.0208582437,0,0,0,0,71.42857,0,0,0,0,3.97619,0,0,0,0,0,0,0,0,0,2.77551,0,0,0,0,4,0,0,0,0,16,0,0,0,0,1.194873,0,0,0,0,141,0,0,0,0,373,0,0,0,0,"class_4"
"190",-0.0186939182,0,0,0,0,43.53846,0,0,0,0,3.291498,38.79487,0,0,0,0.0952381,0,0,0,0,3.435897,0.41025641,0,0,0,5,3,0,0,0,3,1,0,0,0,1.666937,0.8181477,0,0,0,177,0,0,0,0,588,0,0,0,0,"class_4"
"191",-0.010138844,0,0,0,0,51.95238,0,0,0,0,3.534262,41.95238,0,0,0,0.08241758,0,0,0,0,3.142857,0.0952381,0,0,0,5,1,0,0,0,3,12,0,0,0,1.586089,0.4310805,0,0,0,172,0,0,0,0,566,0,0,0,0,"class_4"
"192",-0.0500324685,-0.5,0,0,0,27.81818,0.03030303,0,0,0,2.738636,32.75947,0,0,0,0.11374408,0,0,0,0,3.818182,0.36363636,0,0,0,7,3,0,0,0,2,1,0,0,0,2.455282,0.9293204,0,0,0,195,1,0,0,0,765,0,0,0,0,"class_4"
"193",0.0372624977,-0.5,0,0,0,53.19048,0.02380952,0,0,0,3.594657,41.81069,0,0,0,0.05590062,0,0,0,0,3.238095,0.28571429,0,0,0,41,1,0,0,0,32,32,0,0,0,1.764273,0.8347839,0,0,0,155,1,0,0,0,458,0,0,0,0,"class_4"
"194",-0.1291426337,0,0,0,0,57.61364,0,0,0,0,3.679704,43.95455,0,0,0,0.01764706,0,0,0,0,3,0.09090909,0,0,0,3,1,0,0,0,2,19,0,0,0,1.414214,0.4214141,0,0,0,168,0,0,0,0,532,0,0,0,0,"class_4"
"195",-0.1007257532,0,0,0,0,42.95122,0,0,0,0,3.147561,0,0,0,0,0.08196721,0,0,0,0,3.170732,0,0,0,0,5,0,0,0,0,20,0,0,0,0,1.595344,0,0,0,0,173,0,0,0,0,581,0,0,0,0,"class_4"
"196",-0.2597895967,0,0,0,0,47.125,0,0,0,0,3.005319,0,0,0,0,0.04255319,0,0,0,0,3.375,0,0,0,0,3,0,0,0,0,4,0,0,0,0,1.952903,0,0,0,0,274,0,0,0,0,1130,0,0,0,0,"class_4"
"197",0.2353847636,0,0,0,0,50.95349,0.09302326,0,0,0,3.426357,42.67885,0,0,0,0.05844156,0,0,0,0,3.162791,0.46511628,0,0,0,43,2,0,0,0,13,13,0,0,0,2.034585,1.297412,0,0,0,148,2,0,0,0,458,1,0,0,0,"class_4"
"198",-0.2248734635,-1,0,0,0,44.31707,0.02439024,0,0,0,3.215854,40.85488,0,0,0,0.0972973,0,0,0,0,3.219512,0.19512195,0,0,0,4,1,0,0,0,3,32,0,0,0,1.695762,0.7489831,0,0,0,173,1,0,0,0,546,0,0,0,0,"class_4"
"199",0.1117983868,0,0,0,0,49.86047,0.02325581,0,0,0,3.374308,42.76855,42.95349,0,0,0.01863354,0,0,0,0,3.209302,0.41860465,0.13953488,0,0,2,1,1,0,0,5,26,26,0,0,1.871568,1.0518138,0.6392479,0,0,159,1,0,0,0,514,0,0,0,0,"class_4"
"200",0.1195068955,0,0,0,0,51.90698,0,0,0,0,3.471761,42.90698,0,0,0,0.10227273,0,0,0,0,3.162791,0.18604651,0,0,0,2,1,0,0,0,6,14,0,0,0,1.717282,0.5878052,0,0,0,164,0,0,0,0,518,0,0,0,0,"class_4"
