,ASS.1,ASS.2,ASS.3,BET.1,BET.2,BET.3,ASPL.1,ASPL.2,ASPL.3,ASPL.4,CC.1,CC.2,DEG.1,DEG.2,DEG.3,DEG.4,MIN.1,MIN.2,MIN.3,MIN.4,MAX.1,MAX.2,MAX.3,MAX.4,SD.1,SD.2,SD.3,SD.4,MT3.1,MT3.2,MT3.3,MT4.1,MT4.2,MT4.3,CLASS
0,0.1772671553048419,0.5,0.5,0.4998378562071324,0.0,0.0,0.49839966766793653,0.6074025655437749,0.0,0.0,0.17999399000002783,0.0,0.20495437654748,0.2053455015410315,0.0,0.0,0.08064516129032258,0.16666666666666666,0.0,0.0,0.7333333333333333,0.015625,0.0,0.0,0.1630292462414813,0.28814227667395426,0.0,0.0,0.15414507772020725,0.0,0.0,0.08458447874814973,0.0,0.0,class_1
1,0.5242854123193587,0.30122950000000004,0.5,0.21789244694011878,0.30882353,0.0,0.25493866949061417,0.5084408917661994,0.7612869975186846,0.8093091359534369,0.8379450808428468,0.0,0.32250493499718963,0.5226244358281849,0.384313733080392,0.6078430004901876,0.11290322580645161,0.5,0.5,1.0,0.05,0.015625,0.0819672131147541,0.18518518518518517,0.7425209187109737,0.7653354042088893,0.546496012805521,0.7915159991537317,0.22085492227979275,0.5172413793103449,0.0,0.16106294494960177,0.4528301886792453,0.0,class_1
2,0.38307945997817483,0.2605634,0.5,0.19995706539567382,0.02,0.0,0.24552646416148982,0.5117218489987392,0.7463366611742105,0.0,0.6359788091852833,0.0,0.32436200203337545,0.36346153863627956,0.293999996619,0.0,0.03225806451612903,0.08333333333333333,0.5,0.0,0.05,0.125,0.0819672131147541,0.0,0.5710673964909077,0.4984947203371881,0.4138642567666408,0.0,0.23316062176165803,0.13793103448275862,0.0,0.17727497004299714,0.018867924528301886,0.0,class_1
3,0.04828971007991578,0.32322275,1.0,0.15503599860207928,0.25,0.0,0.1933678957333389,0.48990138750481643,0.7301662824935055,0.7775216875171218,0.5122843842949797,0.0,0.348597309693431,0.593406595669907,1.0,0.6326530770408174,0.7580645161290323,0.08333333333333333,0.5,1.0,0.016666666666666666,0.0625,0.0819672131147541,0.18518518518518517,0.8507908014748692,0.816910416775889,0.7781214764066514,0.8071644925862702,0.25582901554404147,0.4482758620689655,0.0,0.19820962853316418,0.33962264150943394,0.0,class_1
4,0.18233228489989298,0.4468085,0.5,0.23807975116153923,0.00471698,0.0,0.24995621232303833,0.5444849605413734,0.7911864751128992,0.0,0.4056594166404656,0.0,0.2777624782847375,0.2971698128351778,0.2773584943103773,0.0,0.14516129032258063,0.08333333333333333,0.5,0.0,0.016666666666666666,0.21875,0.0819672131147541,0.0,0.5907578109838929,0.385263492377505,0.4022219680780519,0.0,0.24870466321243523,0.034482758620689655,0.0,0.1922887150207937,0.0,0.0,class_1
5,0.3804337504856247,1.0,0.5,0.25266157025945146,0.0,0.0,0.28884825033528494,0.535291713832965,0.7762370350894753,0.0,0.6170431356618373,0.0,0.29269824409175477,0.20968935154311988,0.2826923157490383,0.0,0.8225806451612903,0.08333333333333333,0.5,0.0,0.05,0.078125,0.0819672131147541,0.0,0.44592498944075987,0.31885167224381417,0.4059930122433141,0.0,0.21113989637305702,0.0,0.0,0.14809332487488547,0.0,0.0,class_1
6,0.41938613014940485,0.11333335,0.5,0.13786510494053483,0.0159574475,0.0,0.20126381078474065,0.48133164450108756,0.7008467246188022,0.0,1.0,0.0,0.39241141502461213,0.3608837967119634,0.625531910306383,0.0,0.11290322580645161,0.08333333333333333,0.5,0.0,0.05,0.0625,0.06557377049180328,0.0,0.8070889601716876,0.5124039514005194,0.5897143672740549,0.0,0.2616580310880829,0.10344827586206896,0.0,0.2015225206174667,0.0,0.0,class_1
7,0.18131242533782885,1.0,0.5,0.24895169347801394,0.0,0.0,0.26570665234502555,0.5448670746680532,0.7911864751128992,0.0,0.31367430808484115,0.0,0.2777624782847375,0.2971698128351778,0.2773584943103773,0.0,0.0,0.08333333333333333,0.5,0.0,0.05,0.078125,0.0819672131147541,0.0,0.42874938642252947,0.3551435836114673,0.4022219680780519,0.0,0.21761658031088082,0.0,0.0,0.1540847254528794,0.0,0.0,class_1
8,0.2404083005380091,0.2682927,0.5,0.2071932346641453,0.01,0.0,0.2566518150307573,0.512530886095919,0.7463366611742105,0.0,0.4822839669338705,0.0,0.32436200203337545,0.36346153863627956,0.293999996619,0.0,0.7903225806451613,0.08333333333333333,0.5,0.0,0.38333333333333336,0.09375,0.3770491803278689,0.0,0.4373420394744352,0.4351218621097353,0.4138642567666408,0.0,0.19365284974093266,0.06896551724137931,0.0,0.1258194121378727,0.0,0.0,class_1
9,0.4483769327545517,0.66666665,0.5,0.1665219432812972,0.0510204075,0.0,0.21139529495732523,0.5009371656114219,0.0,0.0,0.532468190127462,0.0,0.32629483798747555,0.2967032978349535,0.0,0.0,0.08064516129032258,0.41666666666666663,0.0,0.0,0.016666666666666666,0.015625,0.0,0.0,0.633953950297371,0.42653876215538117,0.0,0.0,0.24222797927461143,0.10344827586206896,0.0,0.1840417283428491,0.03773584905660377,0.0,class_1
10,0.5421266643992666,0.41666665,0.5,0.11488249533133083,0.0597826075,0.0,0.18137234365275545,0.46875760150029094,0.0,0.0,0.8082971388504762,0.0,0.41178767654977494,0.3687290958503506,0.0,0.0,0.0,0.08333333333333333,0.0,0.0,0.016666666666666666,0.03125,0.0,0.0,0.5055895480645198,0.4780891413850385,0.0,0.0,0.23316062176165803,0.13793103448275862,0.0,0.1643758370339043,0.03773584905660377,0.0,class_1
11,0.1503285342466334,0.5,0.5,0.1747261511941287,0.0,0.0,0.22427164814797051,0.5042206007523756,0.0,0.0,0.3974867626968205,0.0,0.32629483798747555,0.1978021965374049,0.0,0.0,0.11290322580645161,0.41666666666666663,0.0,0.0,0.016666666666666666,0.015625,0.0,0.0,0.44511021563680786,0.28435917477025413,0.0,0.0,0.2299222797927461,0.0,0.0,0.16176781560583633,0.0,0.0,class_1
12,0.38046747316654084,0.45,0.5,0.15933173708799397,0.1979166675,0.0,0.21787889969012975,0.48216329251254547,0.0,0.0,0.7286000317194442,0.0,0.3738425660309728,0.5552884638246579,0.0,0.0,0.7580645161290323,0.08333333333333333,0.0,0.0,0.03333333333333334,0.046875,0.0,0.0,0.651030239380829,0.6656532351776697,0.0,0.0,0.23056994818652848,0.41379310344827586,0.0,0.1682526256431945,0.24528301886792453,0.0,class_1
13,0.26647037188097755,0.5,0.5,0.18709276447394663,0.0,0.0,0.22574806261612568,0.5154049501176388,0.0,0.0,0.5669811158010134,0.0,0.353503893538842,0.09692307696967456,0.0,0.0,0.0,0.08333333333333333,0.0,0.0,0.1,0.34375,0.0,0.0,0.41831742788324344,0.20867711021179758,0.0,0.0,0.2389896373056995,0.0,0.0,0.1609924578839783,0.0,0.0,class_1
14,0.18607108777103668,0.5,0.5,0.24441515135922065,0.0,0.0,0.2766669476481096,0.5356889019024967,0.0,0.0,0.3294956330115943,0.0,0.3137139191509219,0.1397928990095158,0.0,0.0,0.8225806451612903,0.08333333333333333,0.0,0.0,0.08333333333333334,0.03125,0.0,0.0,0.4118591682743348,0.24564999819723565,0.0,0.0,0.202720207253886,0.0,0.0,0.12659476985973075,0.0,0.0,class_1
15,0.269898928722488,0.4468085,0.5,0.15468678643330824,0.00531915,0.0,0.22881294762489057,0.4821911689822032,0.7014825150171123,0.0,0.4099082083800546,0.0,0.33040730528936263,0.33510638352649347,0.3127659429031916,0.0,0.1774193548387097,0.08333333333333333,0.5,0.0,0.11666666666666667,0.3125,0.1639344262295082,0.0,0.3264563189917923,0.40330769752957324,0.4265782718860818,0.0,0.19494818652849744,0.034482758620689655,0.0,0.13237470924085432,0.0,0.0,class_1
16,0.5091360716603232,0.5,0.5,0.4039586133998847,0.0,0.0,0.4485957910325866,0.56672769892752,0.0,0.0,0.39025973773027894,0.0,0.23627407803251438,0.132167833332773,0.0,0.0,0.14516129032258063,0.08333333333333333,0.0,0.0,0.06666666666666667,0.046875,0.0,0.0,0.2323118457551855,0.23957660509131865,0.0,0.0,0.1567357512953368,0.0,0.0,0.0921970818354832,0.0,0.0,class_1
17,0.397608368098921,0.41666665,0.5,0.18675909666878932,0.00510204,0.0,0.2431571344132779,0.5025437794793667,0.0,0.0,0.4989144159309518,0.0,0.3411632131703864,0.3461538454548817,0.0,0.0,0.06451612903225806,0.08333333333333333,0.0,0.0,0.05,0.0625,0.0,0.0,0.40231875206904044,0.380731643623455,0.0,0.0,0.18393782383419688,0.034482758620689655,0.0,0.11736096426305773,0.0,0.0,class_1
18,0.3773519868234271,0.5,0.5,0.23654782732677682,0.0,0.0,0.28304707717887245,0.5249360183398262,0.0,0.0,0.45427057798948806,0.0,0.30107708431004204,0.19004524884136792,0.0,0.0,0.14516129032258063,0.08333333333333333,0.0,0.0,0.05,0.125,0.0,0.0,0.25511666533487054,0.27967785077291757,0.0,0.0,0.18911917098445596,0.0,0.0,0.11947557623176147,0.0,0.0,class_1
19,0.49667564431086625,0.5,0.5,0.37447792378759326,0.0,0.0,0.4074676791420744,0.567103102052245,0.0,0.0,0.7195880924093143,0.0,0.2693898307183949,0.0881118909077461,0.0,0.0,0.24193548387096775,0.16666666666666666,0.0,0.0,0.03333333333333334,0.015625,0.0,0.0,0.29877227428910624,0.19956566895558722,0.0,0.0,0.19365284974093266,0.0,0.0,0.12180164939733559,0.0,0.0,class_1
20,0.19225781748333803,1.0,0.5,0.16597494248585465,0.0,0.0,0.21053670315892115,0.5050635025978805,0.7313857272823696,0.0,0.49927312389225403,0.0,0.36346568487634195,0.12362637207866653,0.29999999755,0.0,0.06451612903225806,0.08333333333333333,0.5,0.0,0.0,0.34375,0.36065573770491804,0.0,0.4357156311001016,0.2689888860245178,0.4179752594134803,0.0,0.24481865284974091,0.0,0.0,0.17135405653062666,0.0,0.0,class_1
21,0.23298720036069778,1.0,0.5,0.22367294015741612,0.0,0.0,0.2636482529600217,0.5253408466269679,0.7612869975186846,0.0,0.6408616002737889,0.0,0.32964761260517944,0.16628959046456232,0.2882352936852941,0.0,0.0,0.08333333333333333,0.5,0.0,0.05,0.359375,0.3770491803278689,0.0,0.4566788621134463,0.29568346641236837,0.4098720096041407,0.0,0.23056994818652848,0.0,0.0,0.16021710016212026,0.0,0.0,class_1
22,0.18204686911720705,0.63414635,0.5,0.15941160295621637,0.0204081625,0.0,0.20023562060640487,0.5017273086569447,0.7313857272823696,0.0,0.5846303710896742,0.0,0.37089978139938634,0.37087912229369185,0.29999999755,0.0,0.03225806451612903,0.25,0.5,0.0,0.016666666666666666,0.234375,0.3278688524590164,0.0,0.5117110535267863,0.43836752322529654,0.4179752594134803,0.0,0.22862694300518133,0.06896551724137931,0.0,0.15894833298089803,0.018867924528301886,0.0,class_1
23,0.33892186389374535,0.63414635,0.5,0.20590238246853065,0.0204081625,0.0,0.27320229502950544,0.5017273086569447,0.7313857272823696,0.0,0.5242216910915662,0.0,0.36346568487634195,0.37087912229369185,0.29999999755,0.0,0.06451612903225806,0.08333333333333333,0.5,0.0,0.1,0.109375,0.6885245901639344,0.0,0.40222543121653864,0.43836752322529654,0.4179752594134803,0.0,0.17033678756476683,0.06896551724137931,0.0,0.1027701416790019,0.018867924528301886,0.0,class_1
24,0.21258932534243108,0.5,0.5,0.30747635648693095,0.0,0.0,0.3139942387026531,0.567103102052245,0.0,0.0,0.08104100990258792,0.0,0.2627666073264901,0.0881118909077461,0.0,0.0,0.1774193548387097,0.08333333333333333,0.0,0.0,0.35,0.375,0.0,0.0,0.21393705551306497,0.19956566895558722,0.0,0.0,0.1832901554404145,0.0,0.0,0.10784521040389089,0.0,0.0,class_1
25,0.24557692155730676,0.0,0.5,0.23733603376450185,0.0147058825,0.0,0.28423426583839384,0.5241505213725796,0.0,0.0,0.6237484592419053,0.0,0.32964761260517944,0.142533938145449,0.0,0.0,0.2096774193548387,0.08333333333333333,0.0,0.0,0.3333333333333333,0.328125,0.0,0.0,0.374887843746076,0.3619012657004687,0.0,0.0,0.1917098445595855,0.10344827586206896,0.0,0.11686755480369354,0.018867924528301886,0.0,class_1
26,0.11838830215794788,0.521276595,0.5,0.11051292111825078,0.04347826,0.0,0.1740574040040359,0.4682788489454641,0.0,0.0,0.68206871989783,0.0,0.4038687318068082,0.47408027042023093,0.0,0.0,0.06451612903225806,0.25,0.0,0.0,0.08333333333333334,0.09375,0.0,0.0,0.5161205351537083,0.4942219594666239,0.0,0.0,0.22474093264248707,0.13793103448275862,0.0,0.15619933742158315,0.05660377358490566,0.0,class_1
27,0.5164718473266369,1.0,0.5,0.3800816668703515,0.0,0.0,0.4152853568455914,0.56672769892752,0.0,0.0,0.3514619603173057,0.0,0.2693898307183949,0.2202797181828268,0.0,0.0,0.8709677419354839,0.08333333333333333,0.0,0.0,0.0,0.046875,0.0,0.0,0.25482871200100454,0.3616663923495174,0.0,0.0,0.15479274611398963,0.0,0.0,0.08888418975118066,0.0,0.0,class_1
28,0.3692644931204191,0.503205128,0.25,0.2289280070839418,0.0392156875,1.0,0.2715658725659982,0.5217617144152735,0.7584047277947664,0.0,0.573344537160442,0.0,0.30107708431004204,0.3563348393059302,0.8647058810558823,0.0,0.8064516129032258,0.16666666666666666,1.0,0.0,0.0,0.671875,0.01639344262295082,0.0,0.6277616693873358,0.5906936850593174,0.9014142704925168,0.0,0.21761658031088082,0.13793103448275862,0.6666666666666666,0.16529216888700926,0.05660377358490566,1.0,class_1
29,0.45607996713419896,0.66666665,0.5,0.3314886461824115,0.0185185175,0.0,0.3660316654308531,0.5533519493086017,0.0,0.0,0.2899779355093614,0.0,0.28361726642500756,0.35897435757643,0.0,0.0,0.8548387096774194,0.08333333333333333,0.0,0.0,0.36666666666666664,0.09375,0.0,0.0,0.26026700608440545,0.40858060235477195,0.0,0.0,0.17098445595854922,0.06896551724137931,0.0,0.10269965461337846,0.018867924528301886,0.0,class_1
30,0.6121750690243541,1.0,0.5,0.20891061883719586,0.0,0.0,0.27792328802802024,0.5037992530758071,0.7313857272823696,0.0,0.7380701778793047,0.0,0.35603158835329735,0.27197802099614327,0.29999999755,0.0,0.14516129032258063,0.08333333333333333,0.5,0.0,0.35,0.21875,0.22950819672131148,0.0,0.4388300361868015,0.3480904156938497,0.4179752594134803,0.0,0.19948186528497408,0.0,0.0,0.13237470924085432,0.0,0.0,class_1
31,0.8681904087578576,1.0,0.5,0.36498942983274263,0.0,0.0,0.4136499438962502,0.5563822248065889,0.0,0.0,0.5730358568840932,0.0,0.2633798620058582,0.17948718181706116,0.0,0.0,0.0967741935483871,0.08333333333333333,0.0,0.0,0.21666666666666667,0.21875,0.0,0.0,0.35380218262348606,0.31054007202452794,0.0,0.0,0.1826424870466321,0.0,0.0,0.11672658067244662,0.0,0.0,class_1
32,0.37976646033593003,0.489556135,0.5,0.14043113096501558,0.021276595,0.0,0.2054664182588808,0.4804625181248676,0.7014825150171123,0.0,0.5227905320241178,0.0,0.345908423791586,0.4382160423260654,0.3127659429031916,0.0,0.03225806451612903,0.08333333333333333,0.5,0.0,0.3,0.203125,0.3114754098360656,0.0,0.7439623976895241,0.6675307752050345,0.4265782718860818,0.0,0.20984455958549225,0.13793103448275862,0.0,0.1535913159935152,0.018867924528301886,0.0,class_1
33,0.6110576047420334,0.28,0.5,0.35655219046883946,0.0185185175,0.0,0.40165742035816554,0.5548815415233438,0.8061356163626396,0.0,0.4060810626570321,0.0,0.23639665611365918,0.20192307500092455,0.2722222163694445,0.0,0.016129032258064516,0.08333333333333333,0.5,0.0,0.31666666666666665,0.328125,0.3278688524590164,0.0,0.24821948379584702,0.3771227264467127,0.39855399865535895,0.0,0.14702072538860106,0.06896551724137931,0.0,0.0861351941918658,0.018867924528301886,0.0,class_1
34,0.4563030735011189,1.0,0.5,0.4267797492318941,0.0,0.0,0.44059589602205995,0.5874164789995197,0.8509807993092353,0.0,0.21966371824229758,0.0,0.19769695274168736,0.14878542814845455,0.25789473903421045,0.0,0.03225806451612903,0.08333333333333333,0.5,0.0,0.35,0.34375,0.36065573770491804,0.0,0.2501064485565233,0.2812623416541853,0.3881237964595115,0.0,0.15867875647668395,0.0,0.0,0.09247903009797703,0.0,0.0,class_1
35,0.6728539996835913,0.39473685000000003,0.5,0.5663852868846309,0.0084745775,0.0,0.5848367943685262,0.6060146270933681,0.8803695232916495,0.0,0.577329501030882,0.0,0.19878012042158116,0.3285528024656504,0.4983050777694915,0.0,0.0,0.08333333333333333,0.5,0.0,0.38333333333333336,0.375,0.39344262295081966,0.0,0.2682149747149005,0.44334105875911406,0.5301230185553354,0.0,0.12823834196891193,0.06896551724137931,0.0,0.06653978994854445,0.0,0.0,class_1
36,0.7737415016554121,0.4468085,0.5,0.26141800508997504,0.00510204,0.0,0.3603329579623158,0.502965230402119,0.7313857272823696,0.0,0.4782262709341376,0.0,0.3039923662815202,0.3214285686160714,0.29999999755,0.0,0.016129032258064516,0.08333333333333333,0.5,0.0,0.25,0.25,0.3114754098360656,0.0,0.296924121870755,0.3970549417463452,0.4179752594134803,0.0,0.15349740932642486,0.034482758620689655,0.0,0.09410023260731656,0.0,0.0,class_1
37,0.5979474422804869,0.4453376,0.5,0.42454631898749373,0.0089285725,0.0,0.4570933765270795,0.5748734098538985,0.8360328531542285,0.0,0.43026919791542034,0.0,0.2556703746080871,0.3245192335214035,0.26250000398124995,0.0,0.467741935483871,0.16666666666666666,0.5,0.0,0.0,0.359375,0.3770491803278689,0.0,0.23859801828746252,0.4293040160830183,0.3915090943772275,0.0,0.15738341968911918,0.06896551724137931,0.0,0.08817931909494608,0.0,0.0,class_1
38,0.6460287240251419,1.0,0.5,0.5194064679560986,0.0,0.0,0.5652042676201863,0.5870541881401522,0.8509807993092353,0.0,0.6478441072784995,0.0,0.19769695274168736,0.1912955444188921,0.25789473903421045,0.0,0.0,0.08333333333333333,0.5,0.0,0.18333333333333335,0.328125,0.3442622950819672,0.0,0.19865897649570208,0.3066003751958055,0.3881237964595115,0.0,0.11917098445595857,0.0,0.0,0.06372030732360612,0.0,0.0,class_1
39,0.12708975965946118,0.5,0.5,0.4035373075446982,0.0,0.0,0.3733168244116678,0.6088024805515163,0.0,0.0,0.429899861157871,0.0,0.21730252452563376,0.0410691003082063,0.0,0.0,0.0,0.08333333333333333,0.0,0.0,0.18333333333333335,0.1875,0.0,0.0,0.3597829933448248,0.13898288835893582,0.0,0.0,0.20531088082901555,0.0,0.0,0.13103545499400862,0.0,0.0,class_1
40,0.5566690750520562,1.0,0.5,0.39269122783320154,0.0,0.0,0.3947377055055368,0.5874164789995197,0.8509807993092353,0.0,0.20764232709424849,0.0,0.24243230611808514,0.14878542814845455,0.25789473903421045,0.0,0.11290322580645161,0.08333333333333333,0.5,0.0,0.08333333333333334,0.09375,0.09836065573770492,0.0,0.1730893482951108,0.2812623416541853,0.3881237964595115,0.0,0.17292746113989638,0.0,0.0,0.0979065341509833,0.0,0.0,class_1
41,0.13161762339339977,0.5,0.5,0.38117164836719863,0.0,0.0,0.37924065353928094,0.5874164789995197,0.0,0.0,0.44419809627686063,0.0,0.24243230611808514,0.1275303669843896,0.0,0.0,0.0,0.08333333333333333,0.0,0.0,0.016666666666666666,0.03125,0.0,0.0,0.3214289791212429,0.23576441529004574,0.0,0.0,0.19559585492227977,0.0,0.0,0.11806583491929232,0.0,0.0,class_1
42,0.36491721587207865,0.33333335,0.5,0.4166909212340295,0.004310345,0.0,0.40839188936128545,0.5970539940373264,0.0,0.0,0.5155054103911786,0.0,0.22965085464060947,0.16710875402264844,0.0,0.0,0.06451612903225806,0.08333333333333333,0.0,0.0,0.15,0.40625,0.0,0.0,0.24215362838323762,0.30083088208782877,0.0,0.0,0.17487046632124353,0.034482758620689655,0.0,0.10840910692887856,0.0,0.0,class_1
43,0.350010398751175,1.0,0.5,0.20501769377389278,0.0,0.0,0.23554035002884666,0.5249360183398262,0.0,0.0,0.4910130467082729,0.0,0.32964761260517944,0.285067876290898,0.0,0.0,0.8064516129032258,0.41666666666666663,0.0,0.0,0.03333333333333334,0.046875,0.0,0.0,0.43178588143970964,0.39089805419098156,0.0,0.0,0.20919689119170987,0.0,0.0,0.14513286811870024,0.0,0.0,class_1
44,0.3579006634272383,0.5,0.5,0.5094149262339546,0.0,0.0,0.4914178676940828,0.6181005221366013,0.0,0.0,0.2168109715888381,0.0,0.19929465694347465,0.16153846363535504,0.0,0.0,0.0,0.08333333333333333,0.0,0.0,0.4,0.078125,0.0,0.0,0.2491917900480588,0.26103216577025307,0.0,0.0,0.16191709844559588,0.0,0.0,0.09691971523225489,0.0,0.0,class_1
45,0.20587924466238955,0.5,0.5,0.4714474160979574,0.0,0.0,0.46152413420279426,0.6077525701072563,0.0,0.0,0.38231551943372444,0.0,0.21112845053655688,0.1642764012328252,0.0,0.0,0.03225806451612903,0.08333333333333333,0.0,0.0,0.36666666666666664,0.03125,0.0,0.0,0.2507759614616272,0.2629293515504287,0.0,0.0,0.16191709844559588,0.0,0.0,0.09473461619792768,0.0,0.0,class_1
46,0.2759934309189593,0.5,0.5,0.3403158346680045,0.0,0.0,0.34172054527898155,0.5778099378168884,0.0,0.0,0.3726438713303524,0.0,0.26217520906575104,0.04326922992464867,0.0,0.0,0.0,0.08333333333333333,0.0,0.0,0.016666666666666666,0.109375,0.0,0.0,0.2454015935891143,0.14258883582885792,0.0,0.0,0.19624352331606215,0.0,0.0,0.11862973144427999,0.0,0.0,class_1
47,0.3778390603111942,0.73333335,0.5,0.26614456365363304,0.0,0.0,0.2906149001262397,0.5460359247161866,0.0,0.0,0.5362241062211847,0.0,0.2983816414826083,0.18287372864561238,0.0,0.0,0.0,0.08333333333333333,0.0,0.0,0.05,0.03125,0.0,0.0,0.4040909921119622,0.3776801937193061,0.0,0.0,0.20207253886010362,0.0,0.0,0.131246916190879,0.0,0.0,class_1
48,0.47695328476515253,0.5,0.5,0.3570662264931701,0.0,0.0,0.3646637737355709,0.5778099378168884,0.0,0.0,0.41018288763804217,0.0,0.2556703746080871,0.04326922992464867,0.0,0.0,0.16129032258064518,0.08333333333333333,0.0,0.0,0.016666666666666666,0.328125,0.0,0.0,0.19891610826360429,0.14258883582885792,0.0,0.0,0.16968911917098445,0.0,0.0,0.09649679283851414,0.0,0.0,class_1
49,0.4204534777690631,0.4,0.5,0.2596194150173561,0.0048076925,0.0,0.299126114061977,0.5341082028267153,0.0,0.0,0.4393274921327431,0.0,0.30670875484347354,0.2795857980190316,0.0,0.0,0.22580645161290325,0.08333333333333333,0.0,0.0,0.03333333333333334,0.109375,0.0,0.0,0.2992554308740767,0.35732928783118084,0.0,0.0,0.1988341968911917,0.034482758620689655,0.0,0.12807499823782337,0.0,0.0,class_1
50,0.3541043871006707,0.54901961,0.5,0.2309117894885797,0.0041666675,0.0,0.13580691224444763,0.6153530379363649,0.8958231439058385,0.0,0.5006407884229593,0.0,0.6060670139651587,0.464423079165588,0.2449999971825,0.0,0.41935483870967744,0.08333333333333333,0.5,0.0,0.13333333333333333,0.140625,0.06557377049180328,0.0,0.25547368180728525,0.4168741939673147,0.37847108028672205,0.0,0.44689119170984454,0.034482758620689655,0.0,0.31676887291182076,0.0,0.0,class_2
51,0.32101793559013025,0.36842105,0.5,0.29513761585911025,0.0178571425,0.0,0.09421543335162208,0.7168448626970298,0.0,0.0,0.7131802081797212,0.0,0.7864691647824613,0.5192307712111686,0.0,0.0,0.564516129032258,0.08333333333333333,0.0,0.0,0.25,0.953125,0.0,0.0,0.71445645597653,0.47758668983494856,0.0,0.0,0.903497409326425,0.1724137931034483,0.0,0.8373863396066822,0.018867924528301886,0.0,class_2
52,0.4077858928175244,0.55932205,0.5,0.1677069330005767,0.035714285,0.0,0.021709602145419504,0.6442709518513486,0.0,0.0,0.7622604277673127,0.0,0.9235054489873011,0.5000000030288462,0.0,0.0,0.0967741935483871,0.16666666666666666,0.0,0.0,0.5833333333333333,0.34375,0.0,0.0,0.7533721076243424,0.5407742078982856,0.0,0.0,0.9630829015544041,0.1724137931034483,0.0,0.9235920208641715,0.05660377358490566,0.0,class_2
53,0.30537326231255435,0.35185184999999997,0.5,0.2289450254820361,0.0161290325,0.0,0.10810483400810922,0.6354854243232316,0.0,0.0,0.5035801235945364,0.0,0.6585537462083668,0.3908188585532783,0.0,0.0,0.0967741935483871,0.08333333333333333,0.0,0.0,0.16666666666666666,0.59375,0.0,0.0,0.39179803883517317,0.45257589514102275,0.0,0.0,0.5848445595854923,0.13793103448275862,0.0,0.4662014520335519,0.018867924528301886,0.0,class_2
54,0.5018868896509601,0.44444445,0.5,0.2052278106889477,0.0041666675,0.0,0.10301183503932809,0.6156972607135467,0.0,0.0,0.6949583890974148,0.0,0.6546367117163883,0.40384615605954144,0.0,0.0,0.41935483870967744,0.16666666666666666,0.0,0.0,0.6166666666666666,0.046875,0.0,0.0,0.4825572767434162,0.3881872448883826,0.0,0.0,0.5608808290155441,0.034482758620689655,0.0,0.4440685134277861,0.0,0.0,class_2
55,0.251866144169944,0.27083335,0.5,0.21833036918399595,0.0317460325,0.0,0.08322131932396859,0.6436101762742747,0.0,0.0,0.5967257742744176,0.0,0.7095669915623297,0.5384615393934912,0.0,0.0,0.1774193548387097,0.08333333333333333,0.0,0.0,0.23333333333333334,0.21875,0.0,0.0,0.5560678531066997,0.5076421788068852,0.0,0.0,0.6424870466321244,0.20689655172413793,0.0,0.5234369493197998,0.018867924528301886,0.0,class_2
56,0.4694912514564059,0.25,0.5,0.2340106119762354,0.01953125,0.0,0.09057108721142404,0.6543482956326451,0.0,0.0,0.7237819037787875,0.0,0.7817530960527674,0.5679086541191869,0.0,0.0,0.0967741935483871,0.16666666666666666,0.0,0.0,0.03333333333333334,0.34375,0.0,0.0,0.5756364082601797,0.4885879687506127,0.0,0.0,0.7512953367875649,0.1724137931034483,0.0,0.6566575033481357,0.0,0.0,class_2
57,0.4309586684819676,0.36666665,0.5,0.27757516503826063,0.008064515,0.0,0.1681633555443276,0.6364736967956928,0.925716496639543,0.0,0.434648261969221,0.0,0.5704230200543572,0.3712779183515759,0.2370967627733872,0.0,0.1935483870967742,0.08333333333333333,0.5,0.0,0.1,0.109375,0.19672131147540983,0.0,0.4332376342735814,0.4213495040722866,0.37242186826490364,0.0,0.43782383419689125,0.06896551724137931,0.0,0.3147952350743639,0.0,0.0,class_2
58,0.5638796915950891,0.55697445,0.5,0.14940049677642064,0.713114755,0.0,0.020615288789193498,0.5972707077773698,0.0,0.0,0.8695023107893411,0.6538461734615382,0.9701415822371431,0.8738965951316812,0.0,0.0,0.08064516129032258,0.16666666666666666,0.0,0.0,0.03333333333333334,0.046875,0.0,0.0,0.8435705642629651,0.7880458183120423,0.0,0.0,0.9216321243523317,0.8275862068965517,0.0,0.8931416085148376,0.7924528301886792,0.0,class_2
59,0.2727826487933299,0.48019802,0.5,0.14141069387895122,0.0766129025,0.0,0.0,0.6309045976351668,0.0,0.0,0.672192175313925,0.0,0.9464474030749797,0.5862282908587636,0.0,0.0,0.0967741935483871,0.16666666666666666,0.0,0.0,0.03333333333333334,0.015625,0.0,0.0,0.5846500039953882,0.5470513685798698,0.0,0.0,0.9099740932642488,0.27586206896551724,0.0,0.8397124127722564,0.09433962264150943,0.0,class_2
60,0.36415146786812314,0.35454545000000004,0.5,0.21047081733335915,0.0204918025,0.0,0.09729445155871508,0.6240752755537403,0.9107698949661117,0.0,0.7222902551745822,0.0,0.7312735115869984,0.49653215591179434,0.24098361422868841,0.0,0.0,0.08333333333333333,0.5,0.0,0.23333333333333334,0.21875,0.24590163934426232,0.0,0.6277077316468991,0.5132030690473207,0.37540999041662754,0.0,0.6437823834196892,0.1724137931034483,0.0,0.5407767674631705,0.018867924528301886,0.0,class_2
61,0.04559543289860957,0.5,0.5,0.26417485157812814,0.0,0.0,0.1516138850597455,0.6387941547792452,0.0,0.0,0.4581351192678929,0.0,0.5175445115072224,0.15632754584438827,0.0,0.0,0.12903225806451613,0.08333333333333333,0.0,0.0,0.05,0.0625,0.0,0.0,0.4105997648428671,0.25735349855639883,0.0,0.0,0.47668393782383417,0.0,0.0,0.35511383661098195,0.0,0.0,class_2
62,0.4591185269793681,0.43542435,0.5,0.16496924896067167,0.116935485,0.0,0.02909470302869388,0.6262965139545478,0.9247528021236834,0.0,0.712184551517664,1.0,0.9464474030749797,0.8793424302304531,0.7112903128201613,0.0,0.08064516129032258,0.08333333333333333,0.5,0.0,0.16666666666666666,0.171875,0.18032786885245902,0.0,0.7366103126676636,0.7219841570709918,0.6231810426661832,0.0,0.8633419689119172,0.5172413793103449,0.0,0.7953055614294777,0.16981132075471697,0.0,class_2
63,0.5232816851641873,0.4,0.5,0.9999999999999999,0.00257732,0.0,0.44225301352597546,1.0,0.0,0.0,0.5777900451028238,0.0,0.4249315803028499,0.14988104661051974,0.0,0.0,0.06451612903225806,0.08333333333333333,0.0,0.0,0.16666666666666666,0.171875,0.0,0.0,0.5830632641179896,0.27493930280954443,0.0,0.0,0.7376943005181348,0.034482758620689655,0.0,0.5757383520124058,0.0,0.0,class_2
64,0.31711109516001834,0.5335097,0.5,0.2926301492044502,0.0081967225,0.0,0.2004521613950676,0.6254123136354758,0.9107698949661117,0.0,0.5618322709174431,0.0,0.5282357608164685,0.4568095836811584,0.24098361422868841,0.0,0.3225806451612903,1.0,0.5,0.0,0.13333333333333333,0.109375,0.11475409836065574,0.0,0.4159130603531923,0.44863768316571045,0.37540999041662754,0.0,0.4216321243523316,0.06896551724137931,0.0,0.3093677310213576,0.0,0.0,class_2
65,0.564136299066168,0.44690635,0.5,0.2885979948842964,0.06048387,0.0,0.18177614931925934,0.6318819260121327,0.925716496639543,0.0,0.7281065995920991,0.0,0.5704230200543572,0.5276054581382719,0.2370967627733872,0.0,0.08064516129032258,0.08333333333333333,0.5,0.0,0.23333333333333334,0.234375,0.24590163934426232,0.0,0.626421216652778,0.60684070443121,0.37242186826490364,0.0,0.4883419689119171,0.3103448275862069,0.0,0.3797138225135688,0.1320754716981132,0.0,class_2
66,0.546570996394036,0.36914064999999996,0.5,0.20385990669093734,0.19140625,0.0,0.05451679352053418,0.647152862583046,0.0,0.0,0.8432551384108559,0.0,0.9012803854306572,0.6436298080017451,0.0,0.0,0.06451612903225806,0.08333333333333333,0.0,0.0,0.31666666666666665,0.34375,0.0,0.0,0.8161473613314917,0.6212694057491011,0.0,0.0,0.8873056994818653,0.4482758620689655,0.0,0.8172975259039966,0.18867924528301885,0.0,class_2
67,0.2875523049811437,0.36842105,0.5,0.17496548079252672,0.1015625,0.0,0.019965161666122277,0.6505841462593701,0.0,0.0,0.9131215550318446,0.0,0.9069721611153185,0.5679086541191869,0.0,0.0,0.3064516129032258,0.08333333333333333,0.0,0.0,0.21666666666666667,0.21875,0.0,0.0,0.8257088960171689,0.5751122425440275,0.0,0.0,0.9630829015544041,0.3448275862068966,0.0,0.9283851413265666,0.11320754716981132,0.0,class_2
68,0.46729575323757155,0.6212121,0.5,0.3391458532998004,0.003968255,0.0,0.23002234559607015,0.6471785708828416,0.9401886457037092,0.0,0.6183127481559595,0.0,0.5361033429756568,0.38461538181952665,0.46666666013333336,0.0,0.11290322580645161,0.08333333333333333,0.5,0.0,0.16666666666666666,0.09375,0.0819672131147541,0.0,0.5255650620426708,0.428689819795525,0.5139196550850101,0.0,0.4209844559585492,0.034482758620689655,0.0,0.30584337774018466,0.0,0.0,class_2
69,0.509824630480422,0.6383648,0.5,0.15966674492449728,0.0458333325,0.0,0.04483656218026799,0.6123139865127445,0.8953250881755833,0.0,0.8970802529764803,0.0,0.9156996112107401,0.605769231060466,0.489999994365,0.0,0.43548387096774194,0.3333333333333333,0.5,0.0,0.13333333333333333,0.140625,0.14754098360655737,0.0,0.7553469709249895,0.5151157886785562,0.5259297094372488,0.0,0.8011658031088084,0.13793103448275862,0.0,0.719954888278001,0.03773584905660377,0.0,class_2
70,0.4314546956706293,0.5777778,0.5,0.17323724236557336,0.13888889,0.0,0.028429433193128517,0.6378531690590183,0.0,0.0,0.6897704792140255,0.0,0.9235054489873011,0.7307692333321005,0.0,0.0,0.08064516129032258,0.16666666666666666,0.0,0.0,0.03333333333333334,0.25,0.0,0.0,0.7388719877626969,0.5727683062532241,0.0,0.0,0.9112694300518136,0.3448275862068966,0.0,0.8674843166278988,0.11320754716981132,0.0,class_2
71,0.5078451313476819,0.57603685,0.5,0.23672578348952744,0.1814516125,0.0,0.11771389459965453,0.6293813034376436,0.925716496639543,0.0,0.5466322575618877,0.0,0.6644291158095126,0.44944168521607775,0.2370967627733872,0.0,0.0967741935483871,0.08333333333333333,0.5,0.0,0.9833333333333333,0.9375,0.639344262295082,0.0,0.5752029086425955,0.5512391120744129,0.37242186826490364,0.0,0.602979274611399,0.27586206896551724,0.0,0.5008106012546698,0.1509433962264151,0.0,class_2
72,0.29692940223501,0.34158415,0.5,0.12616596127416618,0.0958333325,0.0,0.0020604184133363734,0.6075659010067329,0.0,0.0,0.659560323983517,0.0,0.9642693089619698,0.767307694695821,0.0,0.0,0.7580645161290323,0.16666666666666666,0.0,0.0,0.15,0.09375,0.0,0.0,0.6405500507985069,0.5942534497808679,0.0,0.0,0.8400259067357514,0.3793103448275862,0.0,0.7747938253330514,0.09433962264150943,0.0,class_2
73,0.30157065358892077,0.39800995,0.5,0.1768566670311552,0.31451613,0.0,0.04377556279152861,0.6199029940154381,0.0,0.0,0.7060406064535157,0.0,0.8641920465221158,0.8598014900287507,0.0,0.0,0.24193548387096775,0.25,0.0,0.0,0.3,0.015625,0.0,0.0,0.7706062145409299,0.6808933517744512,0.0,0.0,0.7882124352331606,0.6206896551724138,0.0,0.7181222245717911,0.3018867924528302,0.0,class_2
74,0.5020192958896819,0.43525665,0.5,0.1569866822324708,1.0,0.0,0.04141430915664679,0.5812993490947581,0.8958231439058385,0.0,0.6854364901600162,0.0,0.8853434135136051,0.8278846178018676,0.2449999971825,0.0,0.0,0.08333333333333333,0.5,0.0,0.49999999999999994,0.484375,0.27868852459016397,0.0,0.7738673074508281,0.8439992067075474,0.37847108028672205,0.0,0.7733160621761659,0.896551724137931,0.0,0.7008528934940439,0.8490566037735848,0.0,class_2
75,0.4724791876789108,0.3777778,0.5,0.16302754354029847,0.0277777775,0.0,0.01602401836104339,0.64393261410665,0.0,0.0,0.6930906703097655,0.0,0.9235054489873011,0.5384615393934912,0.0,0.0,0.9838709677419355,0.25,0.0,0.0,0.5333333333333333,0.359375,0.0,0.0,0.6286289540073744,0.4888727179468787,0.0,0.0,0.9060880829015545,0.1724137931034483,0.0,0.8368224430816945,0.018867924528301886,0.0,class_2
76,0.18470311429886,0.62331235,0.5,0.19825388555489099,0.0483870975,0.0,0.07020111036463139,0.6325316542475273,0.925716496639543,0.0,0.6169138650142877,0.0,0.7760613203681059,0.605769231060466,0.2370967627733872,0.0,0.16129032258064518,0.08333333333333333,0.5,0.0,0.03333333333333334,0.421875,0.4426229508196722,0.0,0.6229871805116382,0.5158970880844359,0.37242186826490364,0.0,0.714378238341969,0.1724137931034483,0.0,0.6278282935081413,0.03773584905660377,0.0,class_2
77,0.7258558055238452,0.32437275,0.5,0.18388982155070566,0.028688525,0.0,0.06391940846507893,0.6234094409136545,0.9097903654450309,0.0,0.7531328516058664,0.0,0.8925094046347994,0.575977300373066,0.7229508181860655,0.0,0.06451612903225806,0.16666666666666666,0.5,0.0,0.5166666666666666,0.125,0.13114754098360656,0.0,0.6268344539445897,0.5447977037617695,0.6278006588838615,0.0,0.7810880829015545,0.1724137931034483,0.0,0.6923239585536054,0.018867924528301886,0.0,class_2
78,0.47662921129830266,0.3638393,0.5,0.1860625483751316,0.07421875,0.0,0.033235225381608835,0.6511935052368529,0.0,0.0,0.7116998005013898,0.0,0.9012803854306572,0.5679086541191869,0.0,0.0,0.0967741935483871,0.16666666666666666,0.0,0.0,0.11666666666666667,0.90625,0.0,0.0,0.6604336708485065,0.5908987090494087,0.0,0.0,0.891839378238342,0.3793103448275862,0.0,0.8162402199196448,0.1509433962264151,0.0,class_2
79,0.4414334363569227,0.3974034,0.5,0.16388864768324662,0.1733870975,0.0,0.02776012530089811,0.6237085451084643,0.9252345746881924,0.0,0.7637980973898236,0.0,0.9640735118784174,0.8598014900287507,0.4741935500467741,0.0,0.7741935483870968,0.41666666666666663,0.5,0.0,0.4166666666666667,0.59375,0.09836065573770492,0.0,0.8339334025867285,0.7082635023907472,0.517831616849647,0.0,0.9093264248704664,0.5862068965517241,0.0,0.8684711355466272,0.2641509433962264,0.0,class_2
80,0.39192141015898846,0.44715445,0.5,0.19443774428771432,0.28515625,0.0,0.04325011066799034,0.6443719266192202,0.0,0.0,0.7150505424303215,0.0,0.9012803854306572,0.6436298080017451,0.0,0.0,0.8387096774193549,0.16666666666666666,0.0,0.0,0.6333333333333333,0.96875,0.0,0.0,0.7157087247862469,0.6359110502752708,0.0,0.0,0.9145077720207254,0.48275862068965514,0.0,0.8636075280186086,0.2641509433962264,0.0,class_2
81,0.47954354276954925,0.67857145,0.5,0.2831945864877672,0.0161290325,0.0,0.17510326068028115,0.6361515687018693,0.0,0.0,0.4605363924975167,0.0,0.5586722808520654,0.35173697209218124,0.0,0.0,0.5483870967741935,0.08333333333333333,0.0,0.0,0.05,0.0625,0.0,0.0,0.3895024029406058,0.3993051038333242,0.0,0.0,0.45142487046632124,0.06896551724137931,0.0,0.3266370620991048,0.018867924528301886,0.0,class_2
82,0.3581507475579569,0.5666666499999999,0.5,0.17287168181438106,0.01953125,0.0,0.0174615665337976,0.6553162286068744,0.0,0.0,0.681405894808306,0.0,0.9069721611153185,0.4921875002366286,0.0,0.0,0.7903225806451613,0.08333333333333333,0.0,0.0,0.25,0.3125,0.0,0.0,0.5014086597184965,0.44418693025175227,0.0,0.0,0.9099740932642488,0.10344827586206896,0.0,0.8313949390286883,0.018867924528301886,0.0,class_2
83,0.33886223196961024,0.3888889,0.5,0.20563786028082776,0.0409836075,0.0,0.09122626190532657,0.6234263732878169,0.0,0.0,0.81436312085943,0.0,0.7133585337840129,0.4369483005946867,0.0,0.0,0.5161290322580645,0.08333333333333333,0.0,0.0,0.25,0.265625,0.0,0.0,0.5657969087110878,0.5018882195499683,0.0,0.0,0.6139896373056996,0.20689655172413793,0.0,0.49707478677662653,0.05660377358490566,0.0,class_2
84,0.4718032793679094,0.52669025,0.33333335,0.2132255197713585,0.654761905,0.20238101157738292,0.07701835952938452,0.6201854755746373,0.9387735041522073,0.0,0.7108745384681734,0.0,0.8945948712456595,1.0,0.9333333202666667,0.0,1.0,0.08333333333333333,0.5,0.0,0.11666666666666667,0.125,0.13114754098360656,0.0,0.8710431387769545,0.8238719425868863,0.7958797422309067,0.0,0.8095854922279794,0.7586206896551724,0.3333333333333333,0.7486431239867485,0.5660377358490566,0.0,class_2
85,0.5219591173090214,0.47951583,0.5,0.14127253664717732,0.8524590175,0.0,0.010410110082472057,0.601524657047151,0.9097903654450309,0.0,0.9954998455763896,0.0,1.0,0.7745901615262453,0.7229508181860655,0.0,0.016129032258064516,0.16666666666666666,0.5,0.0,0.5166666666666666,0.640625,0.18032786885245902,0.0,1.0,0.7458556123213745,0.6278006588838615,0.0,1.0,0.5862068965517241,0.0,1.0,0.3584905660377358,0.0,class_2
86,0.3795041231375179,0.5625,0.5,0.15589160861650875,0.06048387,0.0,0.017884048212377657,0.6322149982014514,0.0,0.0,0.6465478393215377,0.0,0.9346966638726881,0.5471464043976666,0.0,0.0,0.6612903225806451,0.16666666666666666,0.0,0.0,0.03333333333333334,0.140625,0.0,0.0,0.623656978801612,0.5099189159625892,0.0,0.0,0.9527202072538862,0.20689655172413793,0.0,0.9108338619863255,0.05660377358490566,0.0,class_2
87,0.38871747627889275,0.545454545,0.5,0.16962130178149126,0.095238095,0.0,0.02403602754156542,0.640417081544249,0.0,0.0,0.7935385822521361,0.0,0.9235054489873011,0.5769230757581361,0.0,0.0,0.11290322580645161,0.08333333333333333,0.0,0.0,0.25,0.421875,0.0,0.0,0.6204658051848723,0.561513383916578,0.0,0.0,0.8931347150259068,0.3103448275862069,0.0,0.8094734616197928,0.1320754716981132,0.0,class_2
88,0.3425685459106497,0.46927637,0.005449599999999999,0.20025053226045064,0.5317460325,0.6071429072321446,0.061252776794903374,0.6210049405363928,0.9383145877744796,1.0,0.6792912095403184,0.5483870711827958,0.8483377647222106,0.9230769212130178,0.7777777750555556,0.4920634182539636,0.7419354838709677,0.08333333333333333,0.5,1.0,0.6499999999999999,0.625,0.6557377049180328,0.9629629629629629,0.9773432951678634,1.0,0.9999999999999999,0.7135600963518409,0.7817357512953369,1.0,1.0,0.7202368365404949,1.0,1.0,class_2
89,0.5384435725277362,0.72931525,1.0,0.1718855527468498,0.2338709675,0.0,0.037636202389419005,0.6281200480549038,0.9247528021236834,0.9835985595915402,0.7291086557911637,0.0,0.8759427857244075,0.644851117521563,0.8693548295024194,1.0,0.016129032258064516,0.16666666666666666,0.5,1.0,0.6166666666666666,0.4375,0.4426229508196722,1.0,0.8013327473430668,0.682018261488701,0.7686032661521571,1.0,0.839378238341969,0.27586206896551724,0.0,0.7840981179953479,0.09433962264150943,0.0,class_2
90,0.29202936922777123,0.2857143,0.5,0.22591910069960353,0.012096775,0.0,0.10436761256461513,0.6358130244648028,0.0,0.0,0.8271401025595366,0.0,0.6644291158095126,0.3908188585532783,0.0,0.0,0.08064516129032258,0.08333333333333333,0.0,0.0,0.7833333333333333,0.0625,0.0,0.0,0.6067208136893415,0.4310617779352991,0.0,0.0,0.6256476683937825,0.10344827586206896,0.0,0.5335870867695778,0.0,0.0,class_2
91,0.21400880620473903,0.33333335,0.5,0.1561077556726207,0.1693548375,0.0,0.018150559952269996,0.6250352585718079,0.0,0.0,0.7451953110870587,0.0,0.9229459246703964,0.7816377171065566,0.0,0.0,0.532258064516129,0.41666666666666663,0.0,0.0,0.21666666666666667,0.1875,0.0,0.0,0.7767111676807342,0.6481320410844471,0.0,0.0,0.8704663212435234,0.5172413793103449,0.0,0.8046098540917742,0.18867924528301885,0.0,class_2
92,0.39561466884828667,0.3621993,0.5,0.24264202188217587,0.16044776,0.0,0.06744210814824325,0.679622341978618,1.0,0.0,0.771425733373029,0.0,0.8440227612743605,0.5786452352781949,0.4388059709537313,0.0,0.16129032258064518,0.08333333333333333,0.5,0.0,0.23333333333333334,1.0,0.26229508196721313,0.0,0.8046797410988461,0.6608865511458328,0.49910999594321787,0.0,0.9112694300518136,0.4482758620689655,0.0,0.8538803129625714,0.20754716981132074,0.0,class_2
93,0.21708389589882382,0.386121,0.5,0.2386453783926914,0.02118644,0.0,0.15914183219754574,0.6035828697235521,0.8808759446850403,0.0,0.4584286632480154,0.0,0.5630537642399123,0.4722946565732186,0.24915255113474563,0.0,0.2903225806451613,0.16666666666666666,0.5,0.0,0.16666666666666666,0.171875,0.13114754098360656,0.0,0.47682475085900855,0.5246489663764082,0.381608274023541,0.0,0.4540155440414508,0.1724137931034483,0.0,0.3429900613237471,0.018867924528301886,0.0,class_2
94,0.23521525290334977,0.4199444,0.33333335,0.1936002246964561,0.0859375,0.1992187564746096,0.04224867261506038,0.6495956672945412,0.9537490868729301,0.0,0.7284485574608862,0.0,0.8955886097459957,0.7572115388255825,0.918749989434375,0.0,0.25806451612903225,0.08333333333333333,0.5,0.0,0.9999999999999999,0.953125,1.0,0.0,0.8176476295932694,0.7017066562437572,0.7902350933467589,0.0,0.9080310880829017,0.41379310344827586,0.3333333333333333,0.8595897652780715,0.1509433962264151,0.0,class_2
95,0.5752852900942227,0.494861915,0.5,0.19301865109228633,0.4484126975,0.0,0.05246546073469416,0.6310546143403993,0.940662799539291,0.0,0.7481791091288005,0.0,0.8541198802705388,0.6346153863627959,0.23333334231666655,0.0,0.08064516129032258,0.16666666666666666,0.5,0.0,0.13333333333333333,0.1875,0.22950819672131148,0.0,0.7967534617184736,0.6430347296932876,0.36950399583631005,0.0,0.800518134715026,0.4482758620689655,0.0,0.7211531683935998,0.2830188679245283,0.0,class_2
96,0.4237156423701332,0.454545455,0.5,0.4977047943105486,0.030405405,0.0,0.26330451338641003,0.7593123928046496,0.0,0.0,0.5888412107924018,0.0,0.4905494667215992,0.32744282727280904,0.0,0.0,0.0967741935483871,0.16666666666666666,0.0,0.0,0.9833333333333333,0.9375,0.0,0.0,0.5835501307062706,0.441984854571363,0.0,0.0,0.550518134715026,0.1724137931034483,0.0,0.42588285049693386,0.05660377358490566,0.0,class_2
97,0.2844558078930976,0.523809525,0.5,0.1444364846582491,0.02016129,0.0,0.003736716686410846,0.6354908963709792,0.0,0.0,0.6287015339411967,0.0,0.893568894527845,0.3908188585532783,0.0,0.0,0.6935483870967742,0.16666666666666666,0.0,0.0,0.03333333333333334,0.3125,0.0,0.0,0.6677863266401068,0.4310617779352991,0.0,0.0,0.9527202072538862,0.10344827586206896,0.0,0.9219003312892085,0.018867924528301886,0.0,class_2
98,0.47617838910127863,0.33333335,0.5,0.16837694867358344,0.0333333325,0.0,0.05595837974995321,0.6116081955994824,0.0,0.0,0.5806763475894613,0.0,0.8185598514346373,0.6461538484837278,0.0,0.0,0.8387096774193549,0.25,0.0,0.0,0.8999999999999999,0.03125,0.0,0.0,0.5340798050250568,0.514479433809404,0.0,0.0,0.6813471502590674,0.20689655172413793,0.0,0.5875801790371467,0.018867924528301886,0.0,class_2
99,0.7088965752797219,0.65588785,0.25,0.18784412004965623,0.836065575,0.8360655946721319,0.06888470389182855,0.5977784725098776,0.9083535628014814,0.0,0.7570885445505159,0.0,0.8387641069521989,0.8143127398145734,0.7229508181860655,0.0,0.967741935483871,0.08333333333333333,0.5,0.0,0.6833333333333332,0.65625,0.3114754098360656,0.0,0.6904550176367851,0.7922062252745732,0.8279817052437307,0.0,0.6852331606217618,0.6206896551724138,0.6666666666666666,0.5861704377246776,0.5094339622641509,1.0,class_2
100,0.604735853359918,0.5,0.5,0.19369550092515764,0.0,0.0,0.35742252862098844,0.45428320923830334,0.0,0.0,0.5039832387778553,0.0,0.17169819637190736,0.0550699295457067,0.0,0.0,0.016129032258064516,0.08333333333333333,0.0,0.0,0.11666666666666667,0.125,0.0,0.0,0.2949789385965914,0.22958982371325365,0.0,0.0,0.08031088082901557,0.0,0.0,0.049693381264537956,0.0,0.0,class_3
101,0.7181045631208657,0.5,0.5,0.4744556524666226,0.0,0.0,0.6946916211838472,0.5037992530758071,0.0,0.0,0.25294615206969373,0.0,0.11070439958778794,0.24725275021502538,0.0,0.0,0.016129032258064516,0.08333333333333333,0.0,0.0,0.45,0.046875,0.0,0.0,0.23140689033230222,0.31007203861502164,0.0,0.0,0.04339378238341969,0.0,0.0,0.022273912737012763,0.0,0.0,class_3
102,0.6425920445542987,0.5,0.5,0.6755445083371391,0.0,0.0,0.9135134071052633,0.5356889019024967,0.0,0.0,0.36490588506988014,0.0,0.07553505423488155,0.1397928990095158,0.0,0.0,0.0,0.08333333333333333,0.0,0.0,0.016666666666666666,0.53125,0.0,0.0,0.17196179267359957,0.24564999819723565,0.0,0.0,0.032383419689119175,0.0,0.0,0.013815464862197785,0.0,0.0,class_3
103,0.3804356815048423,0.5,0.5,0.17816333159665265,0.0,0.0,0.3302105695123694,0.45381395533239693,0.0,0.0,0.4158758601116858,0.0,0.17997722561178847,0.0550699295457067,0.0,0.0,0.03225806451612903,0.08333333333333333,0.0,0.0,0.43333333333333335,0.0625,0.0,0.0,0.2663108868620221,0.16044568293909903,0.0,0.0,0.09196891191709845,0.0,0.0,0.05857475153309369,0.0,0.0,class_3
104,0.31161433753389456,1.0,0.5,0.20593427521456587,0.0,0.0,0.40300461701303925,0.44155749759333146,0.6416686211445124,0.0,0.32228658239682134,0.0,0.18729347961105774,0.3099284456297733,0.34186045206860477,0.0,0.0,0.08333333333333333,0.5,0.0,0.11666666666666667,0.125,0.13114754098360656,0.0,0.43642338557779015,0.36567694333711814,0.4455058332010924,0.0,0.08031088082901557,0.0,0.0,0.05857475153309369,0.0,0.0,class_3
105,0.6679387716851675,0.5,0.5,0.5278833722478437,0.0,0.0,0.6953947478006473,0.5364830715491925,0.0,0.0,0.0,0.0,0.06852988992743309,0.04659763502240271,0.0,0.0,0.03225806451612903,0.08333333333333333,0.0,0.0,0.35,0.34375,0.0,0.0,0.12039702743119374,0.14786391082442524,0.0,0.0,0.045984455958549234,0.0,0.0,0.023754141115105383,0.0,0.0,class_3
106,1.0,0.6688669,0.0,0.3884237640086877,0.0163043475,0.27717391650815226,0.6393116930511606,0.4718200898076606,0.6852453604181638,0.0,0.4440011574814761,0.0,0.1267040265715767,0.3687290958503506,0.6391304391499999,0.0,0.0,0.08333333333333333,0.5,0.0,0.11666666666666667,0.421875,0.4426229508196722,0.0,0.3545501763678498,0.692695690068299,0.7409806289873078,0.0,0.03432642487046633,0.10344827586206896,0.3333333333333333,0.02015930076830902,0.018867924528301886,0.0,class_3
107,0.9962400519446393,0.26153845,0.5,0.2835384385311541,0.0738636375,0.0,0.5148259774242347,0.44691628427721686,0.0,0.0,0.07728910047551342,0.0,0.17997722561178847,0.3304195833319325,0.0,0.0,0.6935483870967742,0.25,0.0,0.0,0.35,0.34375,0.0,0.0,0.32577510530701714,0.5535902061201164,0.0,0.0,0.05764248704663212,0.24137931034482757,0.0,0.03608937759921055,0.1320754716981132,0.0,class_3
108,0.29429679005569165,0.5,0.5,0.23366970800180953,0.0,0.0,0.45275397988341126,0.4420376955947331,0.0,0.0,0.4789389567641714,0.0,0.19576484533487498,0.22540250260836658,0.0,0.0,0.6612903225806451,0.08333333333333333,0.0,0.0,0.4666666666666667,0.03125,0.0,0.0,0.2506432574970605,0.2998258647681559,0.0,0.0,0.06800518134715026,0.0,0.0,0.03756960597730317,0.0,0.0,class_3
109,0.0019275254155941002,0.3888889,0.5,0.4513469459077587,0.0113636375,0.0,0.8088227500074452,0.4482041771754074,0.0,0.0,0.3859987033981541,0.0,0.17169819637190736,0.605769231060466,0.0,0.0,0.06451612903225806,0.08333333333333333,0.0,0.0,0.08333333333333334,0.25,0.0,0.0,0.198282553852125,0.4497387971522339,0.0,0.0,0.025906735751295346,0.06896551724137931,0.0,0.011348417565376752,0.0,0.0,class_3
110,0.6334260217002483,0.58333335,0.5,0.3054663094679111,0.0056818175,0.0,0.5532430390212557,0.4524169312178053,0.0,0.0,0.5460799496940743,0.0,0.19653510195472884,0.2753496477285335,0.0,0.0,0.6935483870967742,0.08333333333333333,0.0,0.0,0.31666666666666665,0.03125,0.0,0.0,0.28748958345224374,0.4302361232929373,0.0,0.0,0.048575129533678776,0.034482758620689655,0.0,0.024318037640093042,0.0,0.0,class_3
111,0.7678661453794102,0.44,0.5,0.26282892409419245,0.03409091,0.0,0.478543028774687,0.44871710421711103,0.0,0.0,0.5217013864736046,0.0,0.19653510195472884,0.44055944242334594,0.0,0.0,0.0,0.08333333333333333,0.0,0.0,0.43333333333333335,0.421875,0.0,0.0,0.42098235179963694,0.6379511627144627,0.0,0.0,0.055051813471502606,0.20689655172413793,0.0,0.032494537252414184,0.07547169811320754,0.0,class_3
112,0.7560587296527868,1.0,0.5,0.25795603410754986,0.0,0.0,0.47000607222770996,0.45334459818030665,0.6566231403205542,0.0,0.15899471620835778,0.0,0.17997722561178847,0.1376748268931129,0.3340909141579545,0.0,0.16129032258064518,0.08333333333333333,0.5,0.0,0.4,0.390625,0.4098360655737705,0.0,0.17160021004326442,0.2828190391254685,0.44053908020671545,0.0,0.05246113989637306,0.0,0.0,0.02586875308380912,0.0,0.0,class_3
113,0.040783687118521206,1.0,0.5,0.27743419374066003,0.0,0.0,0.45350253463769286,0.47403461720651346,0.6865299378700126,0.0,0.0707391465243558,0.0,0.16629893242323207,0.13168896064023508,0.3195652073250001,0.0,0.06451612903225806,0.08333333333333333,0.5,0.0,0.3,0.296875,0.3114754098360656,0.0,0.17028344425291952,0.27703781948286815,0.4310835929193018,0.0,0.07059585492227981,0.0,0.0,0.03862691196165504,0.0,0.0,class_3
114,0.9262177770284694,0.90461215,0.5,0.3790707472229191,0.00531915,0.0,0.5962912468559942,0.4835092097660979,0.7014825150171123,0.0,0.18757805348343493,0.0,0.13664487217455695,0.33510638352649347,0.3127659429031916,0.0,0.7419354838709677,0.08333333333333333,0.5,0.0,0.4,0.40625,0.39344262295081966,0.0,0.32927249688930504,0.6139550178507934,0.4265782718860818,0.0,0.03173575129533679,0.034482758620689655,0.0,0.016493973355889195,0.0,0.0,class_3
115,0.22993457070889345,0.5,0.5,0.3214221967080254,0.0,0.0,0.5271430597667719,0.4731368916373482,0.0,0.0,0.5460799496940743,0.0,0.16629893242323207,0.21070234308206842,0.0,0.0,0.0967741935483871,0.08333333333333333,0.0,0.0,0.4166666666666667,0.03125,0.0,0.0,0.14113337747285992,0.291810283401787,0.0,0.0,0.048575129533678776,0.0,0.0,0.021146119687037432,0.0,0.0,class_3
116,0.8256308551970568,0.5,0.5,0.4993646911388552,0.0,0.0,0.7629095409688611,0.4947213323548349,0.0,0.0,0.5328014112370305,0.0,0.12340443590587019,0.10096154052930843,0.0,0.0,0.016129032258064516,0.16666666666666666,0.0,0.0,0.0,0.015625,0.0,0.0,0.16826720014611707,0.2126844630535919,0.0,0.0,0.03303108808290156,0.0,0.0,0.016352999224642277,0.0,0.0,class_3
117,0.7049137303712804,0.83333335,0.5,0.11513656527453492,0.025641025,0.0,0.3322634165694589,0.3990095387084398,0.0,0.0,0.615778698445469,0.0,0.2763525571463386,0.310650886014736,0.0,0.0,0.5967741935483871,0.41666666666666663,0.0,0.0,0.016666666666666666,0.03125,0.0,0.0,0.36935651419504345,0.5157976029059571,0.0,0.0,0.06541450777202072,0.06896551724137931,0.0,0.03573694227109326,0.018867924528301886,0.0,class_3
118,0.4150681805530364,0.775,0.5,0.5071816299926888,0.0208333325,0.0,0.7754386212863129,0.49174660330379527,0.0,0.0,0.09706072047657073,0.0,0.10822624598889191,0.4543269232953495,0.0,0.0,0.0,0.08333333333333333,0.0,0.0,0.08333333333333334,0.5,0.0,0.0,0.2122995171287999,0.5120112647832862,0.0,0.0,0.02914507772020726,0.06896551724137931,0.0,0.016916895749629943,0.018867924528301886,0.0,class_3
119,0.9148695519895185,0.5,0.5,0.41784616225742754,0.0,0.0,0.6322450938873414,0.49515145595703636,0.0,0.0,0.5435400569280553,0.0,0.12340443590587019,0.05048076723580806,0.0,0.0,0.04838709677419355,0.08333333333333333,0.0,0.0,0.43333333333333335,0.46875,0.0,0.0,0.18828951724295384,0.15377061961676391,0.0,0.0,0.04922279792746116,0.0,0.0,0.024036089377599212,0.0,0.0,class_3
120,0.5834711802258432,0.625,0.5,0.27788739234188164,0.005555555,0.0,0.4790175004328292,0.4618649895081228,0.0,0.0,0.46159754702964095,0.0,0.1891760458023109,0.3230769212130178,0.0,0.0,0.06451612903225806,0.16666666666666666,0.0,0.0,0.4,0.390625,0.0,0.0,0.27316354836132006,0.5235453395610369,0.0,0.0,0.05181347150259068,0.034482758620689655,0.0,0.024881934165080707,0.0,0.0,class_3
121,0.1889742316794399,0.60869565,0.5,0.2861734761699546,0.0054347825,0.0,0.46813291869221474,0.4726978888633297,0.0,0.0,0.407181560429715,0.0,0.1742178771661988,0.31605351159425654,0.0,0.0,0.7258064516129032,0.08333333333333333,0.0,0.0,0.31666666666666665,0.0625,0.0,0.0,0.3204529628657208,0.4930871126564755,0.0,0.0,0.07059585492227981,0.034482758620689655,0.0,0.04130542045534645,0.0,0.0,class_3
122,0.8447074692820907,0.4327731,0.5,0.6325191838887495,0.005,0.0,0.9105696637964495,0.5145874468333776,0.7463366611742105,0.0,0.7258453927507158,0.0,0.11308328861874356,0.21807692318176775,0.293999996619,0.0,0.03225806451612903,0.08333333333333333,0.5,0.0,0.4666666666666667,0.453125,0.4754098360655738,0.0,0.3055767057453682,0.40527113061573933,0.4138642567666408,0.0,0.04145077720207255,0.034482758620689655,0.0,0.017974201733981815,0.0,0.0,class_3
123,0.7547768063713597,1.0,0.5,0.46203865400819466,0.0,0.0,0.7321693298491636,0.48349971111717743,0.0,0.0,0.08605385071271365,0.0,0.1598962767226591,0.3608837967119634,0.0,0.0,0.7096774193548387,0.08333333333333333,0.0,0.0,0.13333333333333333,0.21875,0.0,0.0,0.22212988436205072,0.44669138300350736,0.0,0.0,0.04339378238341969,0.0,0.0,0.021005145555790514,0.0,0.0,class_3
124,0.6872671117275506,1.0,0.5,0.3850581412800409,0.0,0.0,0.6060966579528768,0.484817751901072,0.0,0.0,0.2206314395341137,0.0,0.1598962767226591,0.2062193115414516,0.0,0.0,0.7419354838709677,0.08333333333333333,0.0,0.0,0.15,0.0625,0.0,0.0,0.3177646373899842,0.3991299672772574,0.0,0.0,0.06217616580310882,0.0,0.0,0.035173045746105594,0.0,0.0,class_3
125,0.8104025594064568,0.25,0.5,0.22961852523654236,0.0058139525,0.0,0.44548699215758925,0.442049155921148,0.0,0.0,0.407181560429715,0.0,0.21270794105615315,0.16905187998512108,0.0,0.0,0.0,0.08333333333333333,0.0,0.0,0.35,0.34375,0.0,0.0,0.23252987979589268,0.3144600469541107,0.0,0.0,0.07059585492227981,0.034482758620689655,0.0,0.04144639458659337,0.0,0.0,class_3
126,0.5945425601853561,0.5,0.5,0.36536155653753055,0.0,0.0,0.5481192498704035,0.4938608786580639,0.0,0.0,0.32104701990256007,0.0,0.1309933487275376,0.20192307500092455,0.0,0.0,0.03225806451612903,0.08333333333333333,0.0,0.0,0.13333333333333333,0.03125,0.0,0.0,0.15838860286983025,0.28678367387684833,0.0,0.0,0.048575129533678776,0.0,0.0,0.026362162543173327,0.0,0.0,class_3
127,0.7114148606774118,1.0,0.5,0.6585460767098265,0.0,0.0,0.8591076601430181,0.5456463768642648,0.0,0.0,0.0,0.0,0.08531598370822552,0.2743105959972647,0.0,0.0,0.06451612903225806,0.08333333333333333,0.0,0.0,0.6666666666666666,0.453125,0.0,0.0,0.09741241538338608,0.38485371090947307,0.0,0.0,0.020077720207253888,0.0,0.0,0.008387960809191512,0.0,0.0,class_3
128,0.45858490459566315,0.5,0.5,0.5814846260883735,0.0,0.0,0.7745719533745787,0.5360859867258446,0.0,0.0,0.08305691970806982,0.0,0.08254040067915186,0.0931952639871131,0.0,0.0,0.0,0.08333333333333333,0.0,0.0,0.1,0.078125,0.0,0.0,0.1582479081289026,0.20488624138256756,0.0,0.0,0.04792746113989639,0.0,0.0,0.026291675477549875,0.0,0.0,class_3
129,0.4851627355215995,0.5,0.5,0.3067724380208702,0.0,0.0,0.5284735994379026,0.4627723169723924,0.0,0.0,0.2903381459706567,0.0,0.18108097475255808,0.2153846181804734,0.0,0.0,0.06451612903225806,0.08333333333333333,0.0,0.0,0.13333333333333333,0.109375,0.0,0.0,0.18733119484937388,0.29441654379504695,0.0,0.0,0.0628238341968912,0.0,0.0,0.03764009304292663,0.0,0.0,class_3
130,0.8160854335724743,1.0,0.5,0.5462211652054965,0.0,0.0,0.7778907311961583,0.5154049501176388,0.0,0.0,0.2878352592229849,0.0,0.10579781574237695,0.2423076924241864,0.0,0.0,0.0,0.08333333333333333,0.0,0.0,0.11666666666666667,0.421875,0.0,0.0,0.10724078492254652,0.4070192599574365,0.0,0.0,0.02784974093264249,0.0,0.0,0.010855008106012545,0.0,0.0,class_3
131,0.5661824566140627,0.5,0.5,0.286584061774373,0.0,0.0,0.5201617645500016,0.45287534427440024,0.0,0.0,0.24430894738745856,0.0,0.155140320028967,0.1652097886371201,0.0,0.0,0.0967741935483871,0.08333333333333333,0.0,0.0,0.13333333333333333,0.03125,0.0,0.0,0.1714321183548133,0.26433569809564506,0.0,0.0,0.04792746113989639,0.0,0.0,0.026503136674420245,0.0,0.0,class_3
132,0.5221007166023268,1.0,0.5,0.2354191189240299,0.0,0.0,0.43052195415695205,0.45334459818030665,0.0,0.0,0.37941920028046666,0.0,0.17997722561178847,0.2753496477285335,0.0,0.0,0.03225806451612903,0.08333333333333333,0.0,0.0,0.15,0.4375,0.0,0.0,0.21417249803084437,0.4302361232929373,0.0,0.0,0.055051813471502606,0.0,0.0,0.03228307605554381,0.0,0.0,class_3
133,0.5653631868713904,0.33333335,0.5,0.32608309373572864,0.0054347825,0.0,0.534946099514878,0.4726978888633297,0.0,0.0,0.3164823692755446,0.0,0.13462297131454332,0.21070234308206842,0.0,0.0,0.06451612903225806,0.08333333333333333,0.0,0.0,0.08333333333333334,0.453125,0.0,0.0,0.18604696293421308,0.3330514776975589,0.0,0.0,0.050518134715025906,0.034482758620689655,0.0,0.027771903855642495,0.0,0.0,class_3
134,0.6578531327526247,0.25,0.5,0.46179919040666206,0.005,0.0,0.6480959805688715,0.5145874468333776,0.0,0.0,0.24194846425023858,0.0,0.11308328861874356,0.14538461545451184,0.0,0.0,0.06451612903225806,0.16666666666666666,0.0,0.0,0.08333333333333334,0.390625,0.0,0.0,0.22614867410189377,0.2935057575571709,0.0,0.0,0.04922279792746116,0.034482758620689655,0.0,0.026291675477549875,0.0,0.0,class_3
135,0.8612104936171366,1.0,0.5,0.2196461459626463,0.0,0.0,0.427599915402713,0.4425179968423187,0.0,0.0,0.5611578153650101,0.0,0.19576484533487498,0.2817531312893044,0.0,0.0,0.03225806451612903,0.08333333333333333,0.0,0.0,0.016666666666666666,0.15625,0.0,0.0,0.2539117704135797,0.40145970227775374,0.0,0.0,0.0628238341968912,0.0,0.0,0.03644181292732784,0.0,0.0,class_3
136,0.4314414742363201,0.5,0.5,0.1535249792563148,0.0,0.0,0.3816155356154074,0.4114360429124179,0.0,0.0,0.8278236844082236,0.0,0.22965085464060947,0.18173076931813978,0.0,0.0,0.06451612903225806,0.08333333333333333,0.0,0.0,0.16666666666666666,0.046875,0.0,0.0,0.26525581899750006,0.27536058237321376,0.0,0.0,0.060233160621761664,0.0,0.0,0.03143723126806231,0.0,0.0,class_3
137,0.2904003081802549,0.33333335,0.5,0.24083740166849987,0.0058139525,0.0,0.4656101427907311,0.4415689579197463,0.0,0.0,0.5360601667774992,0.0,0.17882193175041866,0.22540250260836658,0.0,0.0,0.0,0.08333333333333333,0.0,0.0,0.1,0.359375,0.0,0.0,0.23425702902934897,0.3427919637753639,0.0,0.0,0.05116580310880829,0.034482758620689655,0.0,0.026855572002537534,0.0,0.0,class_3
138,0.6817543891468829,0.7948718,0.5,0.3179528555531972,0.0,0.0,0.5751192110041083,0.4519367332164036,0.0,0.0,0.4934318491044821,0.0,0.17997722561178847,0.44055944242334594,0.0,0.0,0.0,0.08333333333333333,0.0,0.0,0.43333333333333335,0.421875,0.0,0.0,0.29673633862627147,0.52166882750911,0.0,0.0,0.04274611398963732,0.0,0.0,0.024740960033833796,0.0,0.0,class_3
139,0.6150023341627312,1.0,0.5,0.4817115201958805,0.0,0.0,0.7643879744653488,0.48393902362974767,0.0,0.0,0.3072596904293533,0.0,0.12114375367233371,0.3608837967119634,0.0,0.0,0.0,0.08333333333333333,0.0,0.0,0.11666666666666667,0.421875,0.0,0.0,0.1186299243159325,0.4740707092524147,0.0,0.0,0.020725388601036274,0.0,0.0,0.008317473743568057,0.0,0.0,class_3
140,0.4967031193525877,0.5,0.5,0.47005150544481533,0.0,0.0,0.7159237231286257,0.4955816828054218,0.0,0.0,0.5410236476804461,0.0,0.12340443590587019,0.1514423077651165,0.0,0.0,0.7580645161290323,0.08333333333333333,0.0,0.0,0.016666666666666666,0.390625,0.0,0.0,0.16826720014611707,0.3725429055055661,0.0,0.0,0.04987046632124352,0.0,0.0,0.02727849439627829,0.0,0.0,class_3
141,0.9696234106433923,0.4999999999999995,0.5,0.29118130731314074,0.029761905,0.0,0.5849589455826436,0.4287774784556188,0.0,0.0,0.5299823873611926,0.0,0.21230450799562434,0.5192307712111686,0.0,0.0,0.03225806451612903,0.16666666666666666,0.0,0.0,0.13333333333333333,0.140625,0.0,0.0,0.1968350817913037,0.5613972988384373,0.0,0.0,0.033678756476683946,0.10344827586206896,0.0,0.018326637062099103,0.018867924528301886,0.0,class_3
142,0.4054499455681062,0.5,0.5,0.39047535199943406,0.0106382975,0.0,0.6149687732030522,0.48176135511855345,0.0,0.0,0.18549380775234348,0.0,0.1288944039918563,0.4124386230829032,0.0,0.0,0.0,0.08333333333333333,0.0,0.0,0.45,0.03125,0.0,0.0,0.18726841017796603,0.48359227463513627,0.0,0.0,0.03303108808290156,0.06896551724137931,0.0,0.016564460421512654,0.0,0.0,class_3
143,0.38880434103405337,1.0,0.5,0.3283206780773016,0.0,0.0,0.5131769360336491,0.48393902362974767,0.0,0.0,0.3629226963753579,0.0,0.1288944039918563,0.2062193115414516,0.0,0.0,0.03225806451612903,0.08333333333333333,0.0,0.0,0.016666666666666666,0.59375,0.0,0.0,0.22606305864088305,0.3299773742606144,0.0,0.0,0.061528497409326435,0.0,0.0,0.03559596813984634,0.0,0.0,class_3
144,0.3894222986107564,0.5,0.5,0.3082613468494255,0.0,0.0,0.5310226227077088,0.4641490015887523,0.0,0.0,0.08561256089994185,0.0,0.13251127700132853,0.05384615454511835,0.0,0.0,0.0,0.08333333333333333,0.0,0.0,0.016666666666666666,0.03125,0.0,0.0,0.0743496078811886,0.15869587837817,0.0,0.0,0.044041450777202076,0.0,0.0,0.023119757524494258,0.0,0.0,class_3
145,0.48492548220885817,1.0,0.5,0.20982224216188872,0.0,0.0,0.4354665545432932,0.4321589974712945,0.0,0.0,0.7847815671074928,0.0,0.20363133467313183,0.3461538454548817,0.0,0.0,0.03225806451612903,0.08333333333333333,0.0,0.0,0.15,0.296875,0.0,0.0,0.2317564867980959,0.45395010793551727,0.0,0.0,0.05634715025906738,0.0,0.0,0.030943821808698105,0.0,0.0,class_3
146,0.5618447784327305,0.25,0.5,0.44792852594407895,0.00510204,0.0,0.6530577426960387,0.5042294799241925,0.0,0.0,0.1757310079827268,0.0,0.08840192788183249,0.14835164891747676,0.0,0.0,0.0,0.08333333333333333,0.0,0.0,0.1,0.34375,0.0,0.0,0.21246075958037014,0.29624790107404014,0.0,0.0,0.03950777202072539,0.034482758620689655,0.0,0.02163952914640164,0.0,0.0,class_3
147,0.23433815623001136,0.5,0.5,0.34498195781795726,0.0,0.0,0.5154528857214822,0.0,0.0,0.0,0.429899861157871,0.0,0.13858244368602674,0.0,0.0,0.0,0.11290322580645161,0.0,0.0,0.0,0.15,0.0,0.0,0.0,0.09160854328146939,0.0,0.0,0.0,0.06217616580310882,0.0,0.0,0.030802847677451194,0.0,0.0,class_3
148,0.6929226497341264,1.0,0.5,0.2926750402545416,0.0,0.0,0.5308328340444519,0.45334459818030665,0.0,0.0,0.25423012178597165,0.0,0.155140320028967,0.2202797181828268,0.0,0.0,0.0,0.08333333333333333,0.0,0.0,0.5333333333333333,0.171875,0.0,0.0,0.22080113240716437,0.37709207754940094,0.0,0.0,0.04274611398963732,0.0,0.0,0.021991964474518927,0.0,0.0,class_3
149,0.027118882956078616,0.5,0.5,0.4559030524842038,0.0,0.0,0.6390310481129404,0.51581793485331,0.0,0.0,0.2011378933280653,0.0,0.11308328861874356,0.04846153848483728,0.0,0.0,0.04838709677419355,0.08333333333333333,0.0,0.0,0.08333333333333334,0.03125,0.0,0.0,0.19293872216070596,0.15073062973508805,0.0,0.0,0.07642487046632125,0.0,0.0,0.042221752308451405,0.0,0.0,class_3
150,0.31197044677781016,0.5,0.5,0.34079435986166595,0.0,0.0,0.50874062603002,0.0,0.0,0.0,0.3709876711528348,0.0,0.07787023042857882,0.0,0.0,0.0,0.0,0.0,0.0,0.0,0.11666666666666667,0.0,0.0,0.0,0.11627435759865756,0.0,0.0,0.0,0.05829015544041451,0.0,0.0,0.03157820539930923,0.0,0.0,class_4
151,0.20980899447847787,1.0,0.5,0.20148014502355238,0.0,0.0,0.4465172013642573,0.42230208429266247,0.6117573419898029,0.0,0.34780092431573645,0.0,0.10526470126464887,0.14774859353257144,0.3585365728768294,0.0,0.0,0.08333333333333333,0.5,0.0,0.13333333333333333,0.3125,0.3278688524590164,0.0,0.18692109679113256,0.29220361726281435,0.4559641910399405,0.0,0.03821243523316063,0.0,0.0,0.022132938605765845,0.0,0.0,class_4
152,0.2762968690186006,0.5,0.5,0.332868610462536,0.0,0.0,0.6939713328262207,0.42230208429266247,0.0,0.0,0.4605363924975167,0.0,0.060841166127359514,0.11819887361451868,0.0,0.0,0.0,0.08333333333333333,0.0,0.0,0.16666666666666666,0.1875,0.0,0.0,0.04920834237052091,0.22874833063451705,0.0,0.0,0.007772020725388615,0.0,0.0,0.0035243532811729053,0.0,0.0,class_4
153,0.4137950001888839,0.375,0.5,0.25186505562738126,0.0056818175,0.0,0.4593344979761764,0.4514783201598086,0.0,0.0,0.3743148739152089,0.0,0.17169819637190736,0.2753496477285335,0.0,0.0,0.03225806451612903,0.08333333333333333,0.0,0.0,0.06666666666666667,0.09375,0.0,0.0,0.2052616408488488,0.3621681966558131,0.0,0.0,0.05699481865284976,0.034482758620689655,0.0,0.031155283005568482,0.0,0.0,class_4
154,0.3478118054415349,0.5,0.5,0.4971075423396304,0.0,0.0,0.7896026097960227,0.0,0.0,0.0,0.21266807827468479,0.0,0.012636834840879796,0.0,0.0,0.0,0.7258064516129032,0.0,0.0,0.0,0.2833333333333333,0.0,0.0,0.0,0.024076209175694308,0.0,0.0,0.0,0.018134715025906745,0.0,0.0,0.009233805596673014,0.0,0.0,class_4
155,0.5167476742005613,0.5,0.5,0.5620451933611631,0.0,0.0,0.9299735355861314,0.0,0.0,0.0,0.33388888734310695,0.0,0.0,0.0,0.0,0.0,0.06451612903225806,0.0,0.0,0.0,0.08333333333333334,0.0,0.0,0.0,0.041576865560895404,0.0,0.0,0.0,0.012305699481865287,0.0,0.0,0.0073306548248396435,0.0,0.0,class_4
156,0.11532800572813379,0.25,0.5,0.10717048093188997,0.0065789475,0.0,0.34218694082379386,0.3901766211819045,0.0,0.0,0.23294576253265847,0.0,0.14337555629138837,0.1912955444188921,0.0,0.0,0.04838709677419355,0.25,0.0,0.0,0.11666666666666667,0.03125,0.0,0.0,0.2804942295179279,0.3324479799692513,0.0,0.0,0.05440414507772022,0.034482758620689655,0.0,0.03735814478043279,0.0,0.0,class_4
157,0.44373766400470527,0.5,0.5,0.42119624062246064,0.0,0.0,0.7559994165008119,0.45334459818030665,0.0,0.0,0.45120119309629075,0.0,0.03923500349156289,0.1101398590914134,0.0,0.0,0.0,0.08333333333333333,0.0,0.0,0.05,0.0625,0.0,0.0,0.13952494834533857,0.22143607483341374,0.0,0.0,0.009715025906735758,0.0,0.0,0.004722633396771692,0.0,0.0,class_4
158,0.2535956199627234,0.5,0.5,0.12475732032323705,0.0,0.0,0.35133667246969047,0.0,0.0,0.0,0.39005712282380955,0.0,0.1269069269911835,0.0,0.0,0.0,0.04838709677419355,0.0,0.0,0.0,0.0,0.0,0.0,0.0,0.22900023972329087,0.0,0.0,0.0,0.05116580310880829,0.0,0.0,0.03460914922111793,0.0,0.0,class_4
159,0.4181116707984978,0.5,0.5,0.33927154824005645,0.0,0.0,0.6124692161273926,0.0,0.0,0.0,0.2692652496793275,0.0,0.05579306197132511,0.0,0.0,0.0,0.0,0.0,0.0,0.0,0.36666666666666664,0.0,0.0,0.0,0.08963510690517235,0.0,0.0,0.0,0.03562176165803109,0.0,0.0,0.01973637837456827,0.0,0.0,class_4
160,0.04923566823817205,0.5,0.5,0.41814391722251165,0.0,0.0,0.7191592160314888,0.4636900723012377,0.0,0.0,0.21541219974346204,0.0,0.035371517225225746,0.1076923090902367,0.0,0.0,0.0,0.08333333333333333,0.0,0.0,0.26666666666666666,0.265625,0.0,0.0,0.06896696384744466,0.21914841067953783,0.0,0.0,0.016839378238341973,0.0,0.0,0.008387960809191512,0.0,0.0,class_4
161,0.2898513011318515,0.5,0.5,0.2810383420488972,0.0,0.0,0.5377187301725108,0.0,0.0,0.0,0.34421534720270675,0.0,0.07716426810685889,0.0,0.0,0.0,0.0,0.0,0.0,0.0,0.13333333333333333,0.0,0.0,0.0,0.14110911975890683,0.0,0.0,0.0,0.03950777202072539,0.0,0.0,0.02333121872136463,0.0,0.0,class_4
162,0.2824817875472515,0.5,0.5,0.3535856290750353,0.0,0.0,0.6375470622885384,0.45381395533239693,0.0,0.0,0.09378899891764352,0.0,0.05579306197132511,0.0550699295457067,0.0,0.0,0.0,0.08333333333333333,0.0,0.0,0.13333333333333333,0.5625,0.0,0.0,0.13952494834533857,0.16044568293909903,0.0,0.0,0.03303108808290156,0.0,0.0,0.020229787833932478,0.0,0.0,class_4
163,0.3848603826877728,0.5,0.5,0.20638264970294184,0.0,0.0,0.4557507226859536,0.0,0.0,0.0,0.3609609322177734,0.0,0.0874952507823687,0.0,0.0,0.0,0.06451612903225806,0.0,0.0,0.0,0.13333333333333333,0.0,0.0,0.0,0.11700722594490931,0.0,0.0,0.0,0.033678756476683946,0.0,0.0,0.020229787833932478,0.0,0.0,class_4
164,0.20243804842236396,0.5,0.5,0.3642449084168977,0.0,0.0,0.6268754880370047,0.0,0.0,0.0,0.18863781681186195,0.0,0.035371517225225746,0.0,0.0,0.0,0.0,0.0,0.0,0.0,0.13333333333333333,0.0,0.0,0.0,0.08664598577641808,0.0,0.0,0.0,0.031088082901554417,0.0,0.0,0.018115175865228733,0.0,0.0,class_4
165,0.5425450857572325,0.33333335,0.5,0.7123902782333885,0.00490196,0.0,1.0,0.5245392432550301,0.0,0.0,0.6639835726667427,0.0,0.04394269392744915,0.19004524884136792,0.0,0.0,0.03225806451612903,0.08333333333333333,0.0,0.0,0.05,0.09375,0.0,0.0,0.19592013789796925,0.3184536934567345,0.0,0.0,0.02396373056994819,0.034482758620689655,0.0,0.01007965038415451,0.0,0.0,class_4
166,0.601597344937778,0.0,0.5,0.19741100583824855,0.00625,0.0,0.4663884782129175,0.4109330275043704,0.5968004326242937,0.0,0.4324985740162103,0.0,0.1294756025905685,0.2120192308711631,0.36749999577375,0.0,0.04838709677419355,0.25,0.5,0.0,0.0,0.015625,0.18032786885245902,0.0,0.2616280065296058,0.37134162102360535,0.46147677323229086,0.0,0.03756476683937825,0.034482758620689655,0.0,0.02276732219637697,0.0,0.0,class_4
167,0.40306279281895224,0.5,0.5,0.3809207944992249,0.0,0.0,0.655427577201334,0.46323124625990697,0.0,0.0,0.340702947404153,0.0,0.11632131703864473,0.16153846363535504,0.0,0.0,0.03225806451612903,0.08333333333333333,0.0,0.0,0.1,0.125,0.0,0.0,0.15438294083400877,0.26177268881710064,0.0,0.0,0.04080310880829016,0.0,0.0,0.020511736096426307,0.0,0.0,class_4
168,0.3854700103434205,0.5,0.5,0.26374255746590425,0.0,0.0,0.4801436134852921,0.0,0.0,0.0,0.17035144587800255,0.0,0.047514032731444,0.0,0.0,0.0,0.06451612903225806,0.0,0.0,0.0,0.0,0.0,0.0,0.0,0.15138268969532315,0.0,0.0,0.0,0.04339378238341969,0.0,0.0,0.03016846408684007,0.0,0.0,class_4
169,0.42942083071235687,0.5,0.5,0.30855910181450963,0.0,0.0,0.53153242736167,0.4641490015887523,0.0,0.0,0.27824073945258915,0.0,0.11632131703864473,0.05384615454511835,0.0,0.0,0.7096774193548387,0.25,0.0,0.0,0.05,0.015625,0.0,0.0,0.1618006643759775,0.15869587837817,0.0,0.0,0.06930051813471504,0.0,0.0,0.04081201099598224,0.0,0.0,class_4
170,0.5618466500896937,0.5,0.5,0.35084459495676523,0.0,0.0,0.7278269046629966,0.0,0.0,0.0,0.5645464536826553,0.0,0.0874952507823687,0.0,0.0,0.0,0.03225806451612903,0.0,0.0,0.0,0.2833333333333333,0.0,0.0,0.0,0.15540775790230704,0.0,0.0,0.0,0.044041450777202076,0.0,0.0,0.026996546133784452,0.0,0.0,class_4
171,0.3438762416164099,0.5,0.5,0.1144492631971647,0.0,0.0,0.33090107720209105,0.4021306708482748,0.0,0.0,0.5435400569280553,0.0,0.11756658649003765,0.06213017599140874,0.0,0.0,0.06451612903225806,0.08333333333333333,0.0,0.0,0.016666666666666666,0.03125,0.0,0.0,0.22074519697263728,0.17015342609555245,0.0,0.0,0.04922279792746116,0.0,0.0,0.031014308874321564,0.0,0.0,class_4
172,0.16773619172238746,0.5,0.5,0.2954801278711512,0.0,0.0,0.7256009259263934,0.0,0.0,0.0,0.38231551943372444,0.0,0.028341764446819517,0.0,0.0,0.0,0.5806451612903226,0.0,0.0,0.0,0.08333333333333334,0.0,0.0,0.0,0.033100364151094186,0.0,0.0,0.0,0.0,0.0,0.0,0.0020441249030802855,0.0,0.0,class_4
173,0.30109491495857477,0.5,0.5,0.33287598063493906,0.0,0.0,0.6012641136389907,0.45287534427440024,0.0,0.0,0.09820262047128415,0.0,0.05579306197132511,0.1652097886371201,0.0,0.0,0.03225806451612903,0.08333333333333333,0.0,0.0,0.25,0.03125,0.0,0.0,0.11526238284951085,0.26433569809564506,0.0,0.0,0.02784974093264249,0.0,0.0,0.016987382815253402,0.0,0.0,class_4
174,0.24399450987713753,0.5,0.5,0.22481786293944983,0.0,0.0,0.4630197294401084,0.0,0.0,0.0,0.24430894738745856,0.0,0.09087989934390678,0.0,0.0,0.0,0.0,0.0,0.0,0.0,0.06666666666666667,0.0,0.0,0.0,0.11704832136619447,0.0,0.0,0.0,0.04792746113989639,0.0,0.0,0.0274194685275252,0.0,0.0,class_4
175,0.027518514890737034,0.5,0.5,0.17697552781154657,0.0,0.0,0.4269139505267392,0.4119522738320069,0.0,0.0,0.407181560429715,0.0,0.11126192039965194,0.1211538462120932,0.0,0.0,0.0,0.08333333333333333,0.0,0.0,0.06666666666666667,0.21875,0.0,0.0,0.16602436045250624,0.23134914656527322,0.0,0.0,0.04533678756476685,0.0,0.0,0.026150701346302957,0.0,0.0,class_4
176,0.7768607881351449,0.5,0.5,0.11289844492042361,0.0,0.0,0.38131823369344375,0.38033664037743503,0.0,0.0,0.842380238229721,0.0,0.17057951201174132,0.1964656939406085,0.0,0.0,0.03225806451612903,0.08333333333333333,0.0,0.0,0.016666666666666666,0.328125,0.0,0.0,0.17152144381913448,0.2845465708852456,0.0,0.0,0.045984455958549234,0.0,0.0,0.029886515824346233,0.0,0.0,class_4
177,0.31874190818765336,0.5,0.5,0.32678500215477035,0.0,0.0,0.5905925393874571,0.45381395533239693,0.0,0.0,0.18446899146079168,0.0,0.05579306197132511,0.0550699295457067,0.0,0.0,0.03225806451612903,0.08333333333333333,0.0,0.0,0.016666666666666666,0.03125,0.0,0.0,0.10688291229552177,0.16044568293909903,0.0,0.0,0.033678756476683946,0.0,0.0,0.019383943046450976,0.0,0.0,class_4
178,0.31629729118898653,0.5,0.5,0.34024896710383845,0.0,0.0,0.6439241632768022,0.4434783928451221,0.0,0.0,0.2999002228708323,0.0,0.060221172385580723,0.0563506286809378,0.0,0.0,0.6774193548387096,0.08333333333333333,0.0,0.0,0.0,0.203125,0.0,0.0,0.08318940423054533,0.1622546151242828,0.0,0.0,0.023316062176165817,0.0,0.0,0.01268767181222246,0.0,0.0,class_4
179,0.36483952687073756,0.5,0.5,0.34505807159841084,0.0,0.0,0.6226067573849747,0.45381395533239693,0.0,0.0,0.28619046691578487,0.0,0.05579306197132511,0.0550699295457067,0.0,0.0,0.0,0.08333333333333333,0.0,0.0,0.18333333333333335,0.546875,0.0,0.0,0.07166727548772273,0.16044568293909903,0.0,0.0,0.028497409326424875,0.0,0.0,0.013815464862197785,0.0,0.0,class_4
180,0.11629122608078807,0.5,0.5,0.20726975045400264,0.0,0.0,0.4307763517268497,0.0,0.0,0.0,0.3149894964120856,0.0,0.07353355269892164,0.0,0.0,0.0,0.06451612903225806,0.0,0.0,0.0,0.1,0.0,0.0,0.0,0.206941130809009,0.0,0.0,0.0,0.05116580310880829,0.0,0.0,0.033833791499259885,0.0,0.0,class_4
181,0.41433307410678055,0.25,0.5,0.15946064810348048,0.0064102575,0.0,0.42013607241447026,0.4005561665435284,0.0,0.0,0.5008333310146604,0.0,0.1269069269911835,0.18639053403191855,0.0,0.0,0.5967741935483871,0.08333333333333333,0.0,0.0,0.03333333333333334,0.1875,0.0,0.0,0.19006946267736669,0.328608948587103,0.0,0.0,0.04080310880829016,0.034482758620689655,0.0,0.023542679918235006,0.0,0.0,class_4
182,0.4876889165752962,0.4,0.5,0.2804929492910698,0.0056818175,0.0,0.5094901902984679,0.4510090662539022,0.0,0.0,0.5832120110962407,0.0,0.155140320028967,0.3304195833319325,0.0,0.0,0.14516129032258063,0.08333333333333333,0.0,0.0,0.06666666666666667,0.0625,0.0,0.0,0.19314933619479224,0.38032898183715885,0.0,0.0,0.05699481865284976,0.034482758620689655,0.0,0.033692817368012974,0.0,0.0,class_4
183,0.5942133155360215,0.5,0.5,0.2198565308839705,0.0,0.0,0.5097461021396148,0.4109198119928289,0.0,0.0,0.32104701990256007,0.0,0.1294756025905685,0.2423076924241864,0.0,0.0,0.06451612903225806,0.08333333333333333,0.0,0.0,0.5666666666666667,0.171875,0.0,0.0,0.1380697708930263,0.3084655414447524,0.0,0.0,0.016191709844559588,0.0,0.0,0.008810883202932263,0.0,0.0,class_4
184,0.20923795022481476,0.5,0.5,0.28726439568874396,0.0,0.0,0.4459382449899074,0.0,0.0,0.0,0.3149894964120856,0.0,0.0901418809415308,0.0,0.0,0.0,0.03225806451612903,0.0,0.0,0.0,0.23333333333333334,0.0,0.0,0.0,0.23965165922763443,0.0,0.0,0.0,0.08419689119170985,0.0,0.0,0.05406357933319236,0.0,0.0,class_4
185,0.42120603687684355,0.27083335,0.5,0.44530045646827776,0.0487804875,0.0,0.9057229862842355,0.41736640047047224,0.6110286329759502,0.0,0.7206234818489654,0.0,0.0874952507823687,0.4136960606796616,0.7170731702536585,0.0,0.6290322580645161,0.08333333333333333,0.5,0.0,0.4166666666666667,0.40625,0.39344262295081966,0.0,0.14713530667458136,0.5413826170647958,0.6280790094733285,0.0,0.0012953367875647714,0.13793103448275862,0.0,0.0,0.05660377358490566,0.0,class_4
186,0.2129839122790761,0.5,0.5,0.4026591850036556,0.0,0.0,0.6926468502400878,0.0,0.0,0.0,0.407181560429715,0.0,0.035371517225225746,0.0,0.0,0.0,0.06451612903225806,0.0,0.0,0.0,0.2,0.0,0.0,0.0,0.050490576591591396,0.0,0.0,0.0,0.020077720207253888,0.0,0.0,0.010432085712271798,0.0,0.0,class_4
187,0.16986821629514506,0.0,0.5,0.36615927719781227,0.0119047625,0.0,0.7227263343379682,0.4307080788486977,0.0,0.0,0.3273420496882312,0.0,0.07353355269892164,0.23076923030325444,0.0,0.0,0.6612903225806451,0.25,0.0,0.0,0.06666666666666667,0.03125,0.0,0.0,0.09373894133628613,0.384909602314757,0.0,0.0,0.014248704663212444,0.06896551724137931,0.0,0.007401141890463099,0.0,0.0,class_4
188,0.37923806865568677,0.5,0.5,0.584392896118626,0.0,0.0,0.8672357634526597,0.0,0.0,0.0,0.0,0.0,0.006626137581055513,0.0,0.0,0.0,0.04838709677419355,0.0,0.0,0.0,0.25,0.0,0.0,0.0,0.0,0.0,0.0,0.0,0.010362694300518144,0.0,0.0,0.004229223937407486,0.0,0.0,class_4
189,0.3826733424791362,0.5,0.5,0.21065667968105117,0.0,0.0,0.521632626690242,0.4005422283086995,0.0,0.0,0.5299823873611926,0.0,0.1269069269911835,0.2485207100233273,0.0,0.0,0.06451612903225806,0.25,0.0,0.0,0.03333333333333334,0.015625,0.0,0.0,0.13471992328854693,0.3114947185477494,0.0,0.0,0.033678756476683946,0.0,0.0,0.019383943046450976,0.0,0.0,class_4
190,0.3962521791453066,0.5,0.5,0.32340584510952874,0.0,0.0,0.6441694752192033,0.43314231412692755,0.0,0.0,0.4586385680618585,0.0,0.07353355269892164,0.05769231060465977,0.0,0.0,0.06451612903225806,0.08333333333333333,0.0,0.0,0.03333333333333334,0.1875,0.0,0.0,0.11164712731589826,0.16412598729902078,0.0,0.0,0.03044041450777203,0.0,0.0,0.017833227602734897,0.0,0.0,class_4
191,0.33293197894096094,0.25,0.5,0.0,0.0075757575,0.0,0.2425716161968472,0.33822902646695274,0.0,0.0,0.6329647385510891,0.0,0.19653510195472884,0.2202797181828268,0.0,0.0,0.0967741935483871,0.25,0.0,0.0,0.016666666666666666,0.015625,0.0,0.0,0.35970165865686465,0.3538216833448067,0.0,0.0,0.04533678756476685,0.034482758620689655,0.0,0.03186015366180306,0.0,0.0,class_4
192,0.47148882369733514,0.25,0.5,0.3399967732045188,0.00595238,0.0,0.6746542792548373,0.4316794189469963,0.0,0.0,0.31107659689316386,0.0,0.09087989934390678,0.17307692575628697,0.0,0.0,0.6451612903225806,0.08333333333333333,0.0,0.0,0.5166666666666666,0.5,0.0,0.0,0.1624981449983448,0.31782864631739793,0.0,0.0,0.019430051813471516,0.034482758620689655,0.0,0.010220624515401427,0.0,0.0,class_4
193,0.2073662635805313,0.5,0.5,0.39926850368883826,0.0,0.0,0.7175823549037907,0.45381395533239693,0.0,0.0,0.09820262047128415,0.0,0.047514032731444,0.0550699295457067,0.0,0.0,0.03225806451612903,0.08333333333333333,0.0,0.0,0.016666666666666666,0.296875,0.0,0.0,0.0625966027785071,0.16044568293909903,0.0,0.0,0.02784974093264249,0.0,0.0,0.015436667371537323,0.0,0.0,class_4
194,0.25247027669026934,0.5,0.5,0.20278747960472288,0.0,0.0,0.4489794064157655,0.0,0.0,0.0,0.4561323424253132,0.0,0.0786106166096397,0.0,0.0,0.0,0.06451612903225806,0.0,0.0,0.0,0.31666666666666665,0.0,0.0,0.0,0.11428836428807893,0.0,0.0,0.0,0.031088082901554417,0.0,0.0,0.01889053358708677,0.0,0.0,class_4
195,0.0,0.5,0.5,0.2587174399183546,0.0,0.0,0.37718174939719384,0.0,0.0,0.0,0.23680062103333044,0.0,0.11581534094738105,0.0,0.0,0.0,0.03225806451612903,0.0,0.0,0.0,0.05,0.0,0.0,0.0,0.21633029303318463,0.0,0.0,0.0,0.09650259067357515,0.0,0.0,0.057587932614365275,0.0,0.0,class_4
196,0.7859536460582768,0.5,0.5,0.31002040599733716,0.023255815,0.0,0.5897036621640652,0.44064283965000367,0.0,0.0,0.3252164573832571,0.0,0.07716426810685889,0.2817531312893044,0.0,0.0,0.6774193548387096,0.16666666666666666,0.0,0.0,0.2,0.203125,0.0,0.0,0.2396410999874431,0.493965803216794,0.0,0.0,0.01489637305699483,0.06896551724137931,0.0,0.010220624515401427,0.018867924528301886,0.0,class_4
197,0.055419796328247894,0.0,0.5,0.22109029774424482,0.00609756,0.0,0.48345078189395974,0.4218110454419494,0.0,0.0,0.541441453974808,0.0,0.0874952507823687,0.11819887361451868,0.0,0.0,0.04838709677419355,0.08333333333333333,0.0,0.0,0.03333333333333334,0.5,0.0,0.0,0.14294614216732687,0.2851615667091906,0.0,0.0,0.031088082901554417,0.034482758620689655,0.0,0.016423486290265736,0.0,0.0,class_4
198,0.5897941288525713,0.5,0.5,0.2953735953791431,0.0058139525,0.0,0.5634315607442342,0.4415689579197463,0.6416686211445124,0.0,0.10369219896438797,0.0,0.08563563383067613,0.2535778169488355,0.34186045206860477,0.0,0.016129032258064516,0.08333333333333333,0.5,0.0,0.06666666666666667,0.40625,0.42622950819672134,0.0,0.19311851462882845,0.40045879685983193,0.4455058332010924,0.0,0.022020725388601045,0.034482758620689655,0.0,0.01416790019031508,0.0,0.0,class_4
199,0.6020292747005236,0.5,0.5,0.3227974708784388,0.0,0.0,0.6126216527664978,0.4429981948437204,0.0,0.0,0.5691288004207,0.0,0.07716426810685889,0.11270125130418329,0.0,0.0,0.016129032258064516,0.08333333333333333,0.0,0.0,0.08333333333333334,0.21875,0.0,0.0,0.1490876245704958,0.22379603992641373,0.0,0.0,0.02525906735751296,0.0,0.0,0.01444984845280891,0.0,0.0,class_4
